/*
 Navicat Premium Data Transfer

 Source Server         : localhost_3306
 Source Server Type    : MySQL
 Source Server Version : 80036
 Source Host           : localhost:3306
 Source Schema         : E_vehicle

 Target Server Type    : MySQL
 Target Server Version : 80036
 File Encoding         : 65001

 Date: 03/06/2024 12:07:03
*/

SET NAMES utf8mb4;
SET FOREIGN_KEY_CHECKS = 0;

-- ----------------------------
-- Table structure for cityLocations
-- ----------------------------
DROP TABLE IF EXISTS `cityLocations`;
CREATE TABLE `cityLocations` (
  `cityLocationId` int NOT NULL AUTO_INCREMENT,
  `cityLocationName` varchar(50) NOT NULL,
  `Altitude` float NOT NULL,
  `Longitude` float NOT NULL,
  PRIMARY KEY (`cityLocationId`)
) ENGINE=InnoDB AUTO_INCREMENT=4 DEFAULT CHARSET=utf8mb4 COLLATE=utf8mb4_0900_ai_ci;

-- ----------------------------
-- Records of cityLocations
-- ----------------------------
BEGIN;
INSERT INTO `cityLocations` VALUES (1, 'CityCenter', 23, 26);
INSERT INTO `cityLocations` VALUES (2, 'University', 25, 27);
INSERT INTO `cityLocations` VALUES (3, 'Riverbank', 23, 28);
COMMIT;

-- ----------------------------
-- Table structure for orders
-- ----------------------------
DROP TABLE IF EXISTS `orders`;
CREATE TABLE `orders` (
  `orderId` int NOT NULL AUTO_INCREMENT,
  `vehicleId` int NOT NULL,
  `userId` int NOT NULL,
  `timeOrder` float NOT NULL,
  `priceTotal` float NOT NULL,
  `orderStatusId` int NOT NULL,
  `orderTimestamp` datetime NOT NULL,
  `rentCityLocationId` int NOT NULL,
  `returnCityLocationId` int DEFAULT NULL,
  PRIMARY KEY (`orderId`),
  UNIQUE KEY `orderID_UNIQUE` (`orderId`)
) ENGINE=InnoDB AUTO_INCREMENT=1003 DEFAULT CHARSET=utf8mb4 COLLATE=utf8mb4_0900_ai_ci;

-- ----------------------------
-- Records of orders
-- ----------------------------
BEGIN;
INSERT INTO `orders` VALUES (1, 1, 3, 25.5, 76.5, 3, '2022-08-01 12:09:09', 1, 3);
INSERT INTO `orders` VALUES (2, 4, 3, 34.6, 20.3, 3, '2022-10-03 08:23:09', 3, 2);
INSERT INTO `orders` VALUES (3, 5, 3, 14.5, 10.6, 3, '2022-10-03 12:14:03', 2, 2);
INSERT INTO `orders` VALUES (4, 3, 4, 10.8, 7.6, 2, '2022-10-06 10:34:21', 1, 1);
INSERT INTO `orders` VALUES (20, 10, 2, 10.25, 35.87, 3, '2022-11-01 12:09:09', 3, 2);
INSERT INTO `orders` VALUES (21, 1, 2, 15.5, 38.75, 1, '2022-08-01 12:09:09', 3, 1);
INSERT INTO `orders` VALUES (22, 5, 2, 6.2, 21.7, 2, '2022-11-01 12:09:09', 1, 3);
INSERT INTO `orders` VALUES (23, 8, 2, 3.85, 13.47, 1, '2022-01-01 12:09:09', 2, 3);
INSERT INTO `orders` VALUES (24, 4, 3, 7.65, 26.77, 1, '2022-08-01 12:09:09', 1, 2);
INSERT INTO `orders` VALUES (25, 5, 1, 10.5, 36.75, 1, '2022-02-01 12:09:09', 3, 2);
INSERT INTO `orders` VALUES (26, 5, 1, 12.25, 42.87, 1, '2022-05-01 12:09:09', 3, 2);
INSERT INTO `orders` VALUES (27, 10, 1, 1.4, 4.9, 2, '2022-02-01 12:09:09', 1, 3);
INSERT INTO `orders` VALUES (28, 5, 2, 15.45, 54.07, 1, '2022-12-01 12:09:09', 2, 1);
INSERT INTO `orders` VALUES (29, 9, 3, 30.4, 76, 1, '2022-04-01 12:09:09', 1, 3);
INSERT INTO `orders` VALUES (30, 7, 1, 29.9, 74.75, 1, '2022-04-01 12:09:09', 3, 1);
INSERT INTO `orders` VALUES (31, 5, 3, 3.4, 11.9, 2, '2022-03-01 12:09:09', 1, 3);
INSERT INTO `orders` VALUES (32, 7, 1, 27.9, 69.75, 2, '2022-04-01 12:09:09', 3, 2);
INSERT INTO `orders` VALUES (33, 1, 3, 25.8, 64.5, 2, '2022-03-01 12:09:09', 2, 2);
INSERT INTO `orders` VALUES (34, 1, 3, 26.6, 66.5, 2, '2022-02-01 12:09:09', 3, 2);
INSERT INTO `orders` VALUES (35, 2, 1, 3, 7.5, 2, '2022-10-01 12:09:09', 3, 3);
INSERT INTO `orders` VALUES (36, 2, 1, 22.8, 57, 2, '2022-06-01 12:09:09', 1, 1);
INSERT INTO `orders` VALUES (37, 6, 3, 9.8, 34.3, 2, '2022-12-01 12:09:09', 2, 3);
INSERT INTO `orders` VALUES (38, 7, 1, 26.1, 65.25, 2, '2022-08-01 12:09:09', 1, 2);
INSERT INTO `orders` VALUES (39, 8, 3, 12.55, 43.92, 2, '2022-03-01 12:09:09', 1, 3);
INSERT INTO `orders` VALUES (40, 10, 3, 1.45, 5.07, 2, '2022-07-01 12:09:09', 2, 3);
INSERT INTO `orders` VALUES (41, 5, 1, 13.25, 46.37, 1, '2022-12-01 12:09:09', 3, 2);
INSERT INTO `orders` VALUES (42, 9, 1, 11.8, 29.5, 1, '2022-08-01 12:09:09', 2, 3);
INSERT INTO `orders` VALUES (43, 1, 3, 12.7, 31.75, 2, '2022-08-01 12:09:09', 1, 1);
INSERT INTO `orders` VALUES (44, 2, 2, 19.2, 48, 2, '2022-04-01 12:09:09', 3, 1);
INSERT INTO `orders` VALUES (45, 8, 3, 7.65, 26.77, 1, '2022-09-01 12:09:09', 1, 2);
INSERT INTO `orders` VALUES (46, 4, 1, 9.45, 33.07, 2, '2022-12-01 12:09:09', 1, 2);
INSERT INTO `orders` VALUES (47, 6, 2, 9.15, 32.02, 3, '2022-03-01 12:09:09', 1, 3);
INSERT INTO `orders` VALUES (48, 1, 2, 15.9, 39.75, 1, '2022-12-01 12:09:09', 1, 3);
INSERT INTO `orders` VALUES (49, 10, 2, 5.5, 19.25, 1, '2022-11-01 12:09:09', 1, 1);
INSERT INTO `orders` VALUES (50, 9, 3, 7.2, 18, 1, '2022-09-01 12:09:09', 2, 1);
INSERT INTO `orders` VALUES (51, 3, 2, 0.7, 1.75, 1, '2022-05-01 12:09:09', 1, 3);
INSERT INTO `orders` VALUES (52, 4, 1, 14.5, 50.75, 2, '2022-05-01 12:09:09', 2, 3);
INSERT INTO `orders` VALUES (53, 3, 3, 3.2, 8, 3, '2022-11-01 12:09:09', 3, 2);
INSERT INTO `orders` VALUES (54, 2, 3, 6.9, 17.25, 2, '2022-01-01 12:09:09', 3, 2);
INSERT INTO `orders` VALUES (55, 5, 1, 12.35, 43.22, 2, '2022-10-01 12:09:09', 2, 3);
INSERT INTO `orders` VALUES (56, 8, 3, 9.9, 34.65, 1, '2022-09-01 12:09:09', 1, 1);
INSERT INTO `orders` VALUES (57, 3, 1, 2, 5, 3, '2022-11-01 12:09:09', 3, 1);
INSERT INTO `orders` VALUES (58, 6, 2, 1.95, 6.82, 3, '2022-08-01 12:09:09', 1, 3);
INSERT INTO `orders` VALUES (59, 10, 1, 8.7, 30.45, 1, '2022-11-01 12:09:09', 1, 2);
INSERT INTO `orders` VALUES (60, 4, 2, 5.95, 20.82, 3, '2022-04-01 12:09:09', 1, 1);
INSERT INTO `orders` VALUES (61, 9, 1, 24.2, 60.5, 2, '2022-06-01 12:09:09', 3, 1);
INSERT INTO `orders` VALUES (62, 5, 1, 1.2, 4.2, 2, '2022-09-01 12:09:09', 3, 2);
INSERT INTO `orders` VALUES (63, 10, 2, 9.8, 34.3, 3, '2022-01-01 12:09:09', 3, 2);
INSERT INTO `orders` VALUES (64, 7, 2, 13.6, 34, 2, '2022-01-01 12:09:09', 1, 2);
INSERT INTO `orders` VALUES (65, 6, 2, 13.8, 48.3, 3, '2022-07-01 12:09:09', 1, 2);
INSERT INTO `orders` VALUES (66, 10, 3, 9.2, 32.2, 1, '2022-10-01 12:09:09', 2, 2);
INSERT INTO `orders` VALUES (67, 9, 1, 22, 55, 2, '2022-10-01 12:09:09', 2, 3);
INSERT INTO `orders` VALUES (68, 10, 1, 12.8, 44.8, 2, '2022-12-01 12:09:09', 1, 3);
INSERT INTO `orders` VALUES (69, 10, 2, 0.5, 1.75, 2, '2022-04-01 12:09:09', 2, 2);
INSERT INTO `orders` VALUES (70, 1, 3, 28.5, 71.25, 3, '2022-03-01 12:09:09', 1, 3);
INSERT INTO `orders` VALUES (71, 10, 1, 9.65, 33.77, 3, '2022-01-01 12:09:09', 2, 1);
INSERT INTO `orders` VALUES (72, 9, 1, 7.1, 17.75, 3, '2022-04-01 12:09:09', 3, 3);
INSERT INTO `orders` VALUES (73, 5, 2, 2.2, 7.7, 3, '2022-03-01 12:09:09', 2, 3);
INSERT INTO `orders` VALUES (74, 10, 2, 1.9, 6.65, 1, '2022-02-01 12:09:09', 1, 3);
INSERT INTO `orders` VALUES (75, 3, 1, 20.2, 50.5, 2, '2022-12-01 12:09:09', 2, 2);
INSERT INTO `orders` VALUES (76, 4, 3, 9, 31.5, 2, '2022-10-01 12:09:09', 3, 2);
INSERT INTO `orders` VALUES (77, 1, 2, 8.3, 20.75, 1, '2022-05-01 12:09:09', 3, 1);
INSERT INTO `orders` VALUES (78, 4, 1, 6.1, 21.35, 2, '2022-10-01 12:09:09', 3, 2);
INSERT INTO `orders` VALUES (79, 2, 2, 9, 22.5, 2, '2022-10-01 12:09:09', 1, 1);
INSERT INTO `orders` VALUES (80, 6, 2, 10.85, 37.97, 3, '2022-07-01 12:09:09', 3, 1);
INSERT INTO `orders` VALUES (81, 5, 1, 2.5, 8.75, 2, '2022-09-01 12:09:09', 2, 3);
INSERT INTO `orders` VALUES (82, 4, 1, 15.4, 53.9, 1, '2022-02-01 12:09:09', 1, 1);
INSERT INTO `orders` VALUES (83, 4, 3, 12.8, 44.8, 2, '2022-11-01 12:09:09', 3, 3);
INSERT INTO `orders` VALUES (84, 6, 2, 12.45, 43.57, 3, '2022-09-01 12:09:09', 3, 2);
INSERT INTO `orders` VALUES (85, 6, 3, 13.95, 48.82, 1, '2022-07-01 12:09:09', 1, 2);
INSERT INTO `orders` VALUES (86, 10, 1, 1.45, 5.07, 1, '2022-07-01 12:09:09', 2, 2);
INSERT INTO `orders` VALUES (87, 6, 1, 11.35, 39.72, 1, '2022-04-01 12:09:09', 3, 2);
INSERT INTO `orders` VALUES (88, 2, 1, 24.9, 62.25, 1, '2022-12-01 12:09:09', 1, 1);
INSERT INTO `orders` VALUES (89, 6, 3, 4.4, 15.4, 3, '2022-06-01 12:09:09', 2, 3);
INSERT INTO `orders` VALUES (90, 2, 3, 8.4, 21, 2, '2022-10-01 12:09:09', 1, 2);
INSERT INTO `orders` VALUES (91, 4, 3, 10.5, 36.75, 3, '2022-06-01 12:09:09', 3, 2);
INSERT INTO `orders` VALUES (92, 9, 1, 12.8, 32, 3, '2022-08-01 12:09:09', 2, 2);
INSERT INTO `orders` VALUES (93, 8, 1, 0.8, 2.8, 3, '2022-02-01 12:09:09', 3, 3);
INSERT INTO `orders` VALUES (94, 7, 3, 14.2, 35.5, 1, '2022-08-01 12:09:09', 1, 1);
INSERT INTO `orders` VALUES (95, 9, 1, 22.1, 55.25, 2, '2022-07-01 12:09:09', 1, 2);
INSERT INTO `orders` VALUES (96, 7, 3, 6, 15, 1, '2022-09-01 12:09:09', 1, 1);
INSERT INTO `orders` VALUES (97, 2, 1, 6.6, 16.5, 3, '2022-07-01 12:09:09', 2, 3);
INSERT INTO `orders` VALUES (98, 5, 3, 2.15, 7.52, 3, '2022-01-01 12:09:09', 3, 2);
INSERT INTO `orders` VALUES (99, 3, 1, 0.7, 1.75, 3, '2022-04-01 12:09:09', 3, 1);
INSERT INTO `orders` VALUES (100, 4, 5, 20.5, 30.7, 2, '2022-10-07 22:22:22', 1, NULL);
INSERT INTO `orders` VALUES (101, 1, 1, 23.1, 57.75, 1, '2022-07-27 12:09:09', 2, 3);
INSERT INTO `orders` VALUES (102, 4, 2, 4.8, 16.8, 1, '2022-07-30 12:09:09', 3, 2);
INSERT INTO `orders` VALUES (103, 5, 1, 3.45, 12.07, 2, '2022-09-27 12:09:09', 2, 3);
INSERT INTO `orders` VALUES (104, 3, 3, 30.3, 75.75, 2, '2022-09-29 12:09:09', 3, 1);
INSERT INTO `orders` VALUES (105, 1, 3, 5.6, 14, 1, '2022-10-29 12:09:09', 3, 2);
INSERT INTO `orders` VALUES (106, 10, 2, 6.2, 21.7, 1, '2022-10-25 06:09:09', 3, 3);
INSERT INTO `orders` VALUES (107, 5, 1, 2.35, 8.22, 3, '2022-10-27 02:09:09', 3, 2);
INSERT INTO `orders` VALUES (108, 2, 2, 4.6, 11.5, 1, '2022-10-24 23:09:09', 3, 2);
INSERT INTO `orders` VALUES (109, 4, 1, 11.35, 39.72, 1, '2022-10-29 23:09:09', 1, 3);
INSERT INTO `orders` VALUES (110, 4, 3, 14.55, 50.92, 1, '2022-10-27 11:09:09', 1, 2);
INSERT INTO `orders` VALUES (111, 7, 1, 23.2, 58, 3, '2022-10-25 02:09:09', 2, 3);
INSERT INTO `orders` VALUES (112, 7, 1, 6, 15, 1, '2022-10-29 23:09:09', 1, 2);
INSERT INTO `orders` VALUES (113, 4, 2, 1.7, 5.95, 1, '2022-10-24 03:09:09', 3, 1);
INSERT INTO `orders` VALUES (114, 9, 1, 26.4, 66, 2, '2022-10-27 01:09:09', 3, 3);
INSERT INTO `orders` VALUES (115, 8, 2, 4.3, 15.05, 2, '2022-10-24 04:09:09', 1, 3);
INSERT INTO `orders` VALUES (116, 3, 3, 26.4, 66, 3, '2022-10-29 01:09:09', 2, 3);
INSERT INTO `orders` VALUES (117, 3, 3, 11.6, 29, 2, '2022-10-29 22:09:09', 3, 2);
INSERT INTO `orders` VALUES (118, 2, 2, 11.1, 27.75, 3, '2022-10-29 16:09:09', 1, 1);
INSERT INTO `orders` VALUES (119, 10, 1, 14.05, 49.17, 3, '2022-10-24 09:09:09', 1, 2);
INSERT INTO `orders` VALUES (120, 7, 1, 4.9, 12.25, 3, '2022-10-28 21:09:09', 2, 3);
INSERT INTO `orders` VALUES (121, 1, 3, 9.7, 24.25, 1, '2022-10-29 15:09:09', 3, 1);
INSERT INTO `orders` VALUES (122, 2, 2, 26.3, 65.75, 1, '2022-10-30 09:09:09', 2, 2);
INSERT INTO `orders` VALUES (123, 8, 2, 9.1, 31.85, 2, '2022-10-25 18:09:09', 3, 1);
INSERT INTO `orders` VALUES (124, 9, 1, 10.1, 25.25, 1, '2022-10-27 07:09:09', 1, 1);
INSERT INTO `orders` VALUES (125, 6, 3, 11.7, 40.95, 1, '2022-10-27 10:09:09', 3, 3);
INSERT INTO `orders` VALUES (126, 5, 3, 7.45, 26.07, 2, '2022-10-28 03:09:09', 1, 2);
INSERT INTO `orders` VALUES (127, 1, 1, 7, 17.5, 2, '2022-10-30 16:09:09', 3, 1);
INSERT INTO `orders` VALUES (128, 9, 2, 21.9, 54.75, 2, '2022-10-24 06:09:09', 1, 2);
INSERT INTO `orders` VALUES (129, 1, 3, 11.8, 29.5, 2, '2022-10-25 14:09:09', 1, 3);
INSERT INTO `orders` VALUES (130, 8, 3, 6.45, 22.57, 3, '2022-10-25 08:09:09', 2, 2);
INSERT INTO `orders` VALUES (131, 5, 1, 3.9, 13.65, 3, '2022-10-29 23:09:09', 3, 1);
INSERT INTO `orders` VALUES (132, 1, 1, 6.4, 16, 1, '2022-10-26 10:09:09', 2, 1);
INSERT INTO `orders` VALUES (133, 1, 1, 22.4, 56, 1, '2022-10-27 04:09:09', 1, 2);
INSERT INTO `orders` VALUES (134, 2, 3, 30.1, 75.25, 1, '2022-10-26 11:09:09', 2, 1);
INSERT INTO `orders` VALUES (135, 2, 1, 8.6, 21.5, 2, '2022-10-25 21:09:09', 3, 3);
INSERT INTO `orders` VALUES (136, 2, 3, 29, 72.5, 1, '2022-10-24 16:09:09', 3, 3);
INSERT INTO `orders` VALUES (137, 3, 1, 15.8, 39.5, 1, '2022-10-26 10:09:09', 3, 3);
INSERT INTO `orders` VALUES (138, 10, 1, 6.55, 22.92, 2, '2022-10-30 20:09:09', 3, 2);
INSERT INTO `orders` VALUES (139, 8, 3, 12.8, 44.8, 1, '2022-10-29 11:09:09', 2, 2);
INSERT INTO `orders` VALUES (140, 5, 2, 3.5, 12.25, 2, '2022-10-24 18:09:09', 1, 1);
INSERT INTO `orders` VALUES (141, 1, 1, 22.2, 55.5, 3, '2022-10-27 01:09:09', 1, 2);
INSERT INTO `orders` VALUES (142, 8, 2, 2.25, 7.87, 1, '2022-10-24 13:09:09', 3, 3);
INSERT INTO `orders` VALUES (143, 8, 1, 8.5, 29.75, 2, '2022-10-28 21:09:09', 3, 3);
INSERT INTO `orders` VALUES (144, 5, 1, 1.25, 4.37, 3, '2022-10-26 07:09:09', 2, 3);
INSERT INTO `orders` VALUES (145, 2, 3, 11.3, 28.25, 1, '2022-10-25 20:09:09', 2, 1);
INSERT INTO `orders` VALUES (146, 4, 3, 13.5, 47.25, 3, '2022-10-26 06:09:09', 3, 3);
INSERT INTO `orders` VALUES (147, 6, 3, 1, 3.5, 3, '2022-10-26 04:09:09', 3, 2);
INSERT INTO `orders` VALUES (148, 6, 2, 2.15, 7.52, 3, '2022-10-25 01:09:09', 3, 2);
INSERT INTO `orders` VALUES (149, 5, 3, 3.9, 13.65, 2, '2022-10-28 17:09:09', 3, 1);
INSERT INTO `orders` VALUES (150, 5, 2, 1.45, 5.07, 2, '2022-10-30 10:09:09', 1, 3);
INSERT INTO `orders` VALUES (151, 7, 1, 22.8, 57, 1, '2022-10-27 03:09:09', 3, 3);
INSERT INTO `orders` VALUES (152, 3, 2, 0.7, 1.75, 1, '2022-10-30 00:09:09', 1, 2);
INSERT INTO `orders` VALUES (153, 8, 2, 8.05, 28.17, 2, '2022-10-30 20:09:09', 1, 1);
INSERT INTO `orders` VALUES (154, 7, 3, 29.4, 73.5, 1, '2022-10-30 20:09:09', 1, 2);
INSERT INTO `orders` VALUES (155, 1, 1, 16.6, 41.5, 2, '2022-10-29 15:09:09', 2, 1);
INSERT INTO `orders` VALUES (156, 4, 3, 9.85, 34.47, 1, '2022-10-24 06:09:09', 2, 3);
INSERT INTO `orders` VALUES (157, 3, 1, 1.4, 3.5, 3, '2022-10-27 13:09:09', 2, 3);
INSERT INTO `orders` VALUES (158, 10, 1, 4.45, 15.57, 3, '2022-10-24 20:09:09', 3, 2);
INSERT INTO `orders` VALUES (159, 5, 1, 9.1, 31.85, 2, '2022-10-29 07:09:09', 2, 3);
INSERT INTO `orders` VALUES (161, 5, 6, 30.5, 60.7, 3, '2022-10-11 14:22:22', 1, NULL);
INSERT INTO `orders` VALUES (162, 2, 1, 4.5, 11.25, 3, '2022-10-11 16:22:22', 9, 8);
INSERT INTO `orders` VALUES (204, 5, 2, 4.95, 17.32, 2, '2022-10-30 06:09:09', 1, 1);
INSERT INTO `orders` VALUES (205, 1, 2, 22.6, 56.5, 2, '2022-10-29 19:09:09', 3, 1);
INSERT INTO `orders` VALUES (206, 7, 1, 23.8, 59.5, 1, '2022-10-26 06:09:09', 3, 3);
INSERT INTO `orders` VALUES (207, 8, 1, 2.65, 9.27, 2, '2022-10-27 21:09:09', 1, 2);
INSERT INTO `orders` VALUES (208, 1, 3, 29.7, 74.25, 1, '2022-10-24 17:09:09', 1, 3);
INSERT INTO `orders` VALUES (209, 4, 3, 12.8, 44.8, 1, '2022-10-24 01:09:09', 1, 3);
INSERT INTO `orders` VALUES (210, 2, 1, 15.1, 37.75, 1, '2022-10-25 20:09:09', 2, 1);
INSERT INTO `orders` VALUES (211, 10, 3, 5.1, 17.85, 1, '2022-10-30 13:09:09', 3, 2);
INSERT INTO `orders` VALUES (212, 6, 3, 4.95, 17.32, 2, '2022-10-24 20:09:09', 1, 2);
INSERT INTO `orders` VALUES (213, 10, 1, 10, 35, 2, '2022-10-25 09:09:09', 2, 1);
INSERT INTO `orders` VALUES (214, 4, 1, 3.25, 11.37, 2, '2022-10-29 21:09:09', 3, 3);
INSERT INTO `orders` VALUES (215, 6, 1, 9.35, 32.72, 1, '2022-10-30 10:09:09', 2, 2);
INSERT INTO `orders` VALUES (216, 9, 2, 10.4, 26, 1, '2022-10-28 06:09:09', 3, 2);
INSERT INTO `orders` VALUES (217, 8, 1, 11.7, 40.95, 2, '2022-10-27 23:09:09', 2, 3);
INSERT INTO `orders` VALUES (218, 1, 3, 18.8, 47, 1, '2022-10-26 01:09:09', 3, 2);
INSERT INTO `orders` VALUES (219, 9, 3, 13.3, 33.25, 2, '2022-10-28 13:09:09', 2, 1);
INSERT INTO `orders` VALUES (220, 7, 3, 12.5, 31.25, 1, '2022-10-29 19:09:09', 2, 3);
INSERT INTO `orders` VALUES (221, 10, 1, 13.5, 47.25, 2, '2022-10-25 21:09:09', 1, 2);
INSERT INTO `orders` VALUES (222, 5, 3, 6.9, 24.15, 1, '2022-10-26 22:09:09', 1, 2);
INSERT INTO `orders` VALUES (223, 1, 1, 18.6, 46.5, 2, '2022-10-28 00:09:09', 2, 2);
INSERT INTO `orders` VALUES (224, 4, 2, 13.75, 48.12, 1, '2022-10-25 21:09:09', 3, 3);
INSERT INTO `orders` VALUES (225, 7, 2, 30.1, 75.25, 2, '2022-10-25 16:09:09', 3, 2);
INSERT INTO `orders` VALUES (226, 9, 1, 3.2, 8, 1, '2022-10-24 22:09:09', 3, 1);
INSERT INTO `orders` VALUES (227, 7, 3, 11.6, 29, 1, '2022-10-25 01:09:09', 2, 2);
INSERT INTO `orders` VALUES (228, 5, 3, 13.05, 45.67, 1, '2022-10-29 23:09:09', 3, 1);
INSERT INTO `orders` VALUES (229, 7, 3, 14.6, 36.5, 2, '2022-10-26 15:09:09', 2, 2);
INSERT INTO `orders` VALUES (230, 10, 1, 13.15, 46.02, 1, '2022-10-24 22:09:09', 2, 1);
INSERT INTO `orders` VALUES (231, 10, 2, 12.85, 44.97, 2, '2022-10-24 02:09:09', 3, 2);
INSERT INTO `orders` VALUES (232, 6, 3, 13.65, 47.77, 2, '2022-10-30 00:09:09', 1, 1);
INSERT INTO `orders` VALUES (233, 8, 3, 9.95, 34.82, 2, '2022-10-30 04:09:09', 2, 2);
INSERT INTO `orders` VALUES (234, 4, 1, 1.3, 4.55, 1, '2022-10-30 16:09:09', 2, 3);
INSERT INTO `orders` VALUES (235, 1, 2, 12.1, 30.25, 1, '2022-10-24 15:09:09', 3, 1);
INSERT INTO `orders` VALUES (236, 3, 1, 19.2, 48, 2, '2022-10-24 16:09:09', 2, 1);
INSERT INTO `orders` VALUES (237, 4, 3, 11.8, 41.3, 2, '2022-10-27 00:09:09', 1, 1);
INSERT INTO `orders` VALUES (238, 6, 3, 5.75, 20.12, 2, '2022-10-29 18:09:09', 2, 1);
INSERT INTO `orders` VALUES (239, 3, 1, 18.3, 45.75, 2, '2022-10-27 11:09:09', 1, 3);
INSERT INTO `orders` VALUES (240, 4, 3, 4.15, 14.52, 2, '2022-10-29 02:09:09', 1, 2);
INSERT INTO `orders` VALUES (241, 3, 3, 3.9, 9.75, 2, '2022-10-27 23:09:09', 2, 2);
INSERT INTO `orders` VALUES (242, 6, 1, 9.3, 32.55, 2, '2022-10-25 03:09:09', 2, 1);
INSERT INTO `orders` VALUES (243, 10, 3, 13.85, 48.47, 2, '2022-10-30 17:09:09', 2, 2);
INSERT INTO `orders` VALUES (244, 4, 3, 14.3, 50.05, 1, '2022-10-29 20:09:09', 2, 3);
INSERT INTO `orders` VALUES (245, 10, 2, 9.25, 32.37, 1, '2022-10-29 00:09:09', 2, 3);
INSERT INTO `orders` VALUES (246, 5, 1, 13.6, 47.6, 2, '2022-10-28 18:09:09', 2, 2);
INSERT INTO `orders` VALUES (247, 2, 1, 14.5, 36.25, 2, '2022-10-28 22:09:09', 3, 2);
INSERT INTO `orders` VALUES (248, 2, 3, 26, 65, 2, '2022-10-28 02:09:09', 3, 3);
INSERT INTO `orders` VALUES (249, 5, 2, 4.85, 16.97, 1, '2022-10-28 20:09:09', 3, 1);
INSERT INTO `orders` VALUES (250, 6, 2, 11.45, 40.07, 1, '2022-10-27 09:09:09', 2, 1);
INSERT INTO `orders` VALUES (251, 5, 2, 6.9, 24.15, 2, '2022-10-24 22:09:09', 1, 3);
INSERT INTO `orders` VALUES (252, 9, 3, 27.8, 69.5, 1, '2022-10-29 03:09:09', 2, 1);
INSERT INTO `orders` VALUES (253, 3, 2, 20.9, 52.25, 1, '2022-10-26 16:09:09', 3, 3);
INSERT INTO `orders` VALUES (254, 3, 1, 8.4, 21, 1, '2022-10-30 20:09:09', 2, 3);
INSERT INTO `orders` VALUES (255, 7, 2, 26.3, 65.75, 1, '2022-10-26 04:09:09', 3, 3);
INSERT INTO `orders` VALUES (256, 3, 1, 15, 37.5, 2, '2022-10-26 19:09:09', 2, 3);
INSERT INTO `orders` VALUES (257, 6, 3, 1.45, 5.07, 2, '2022-10-30 08:09:09', 1, 3);
INSERT INTO `orders` VALUES (258, 7, 1, 17.2, 43, 2, '2022-10-26 05:09:09', 2, 2);
INSERT INTO `orders` VALUES (259, 1, 2, 5.2, 13, 1, '2022-10-24 17:09:09', 2, 2);
INSERT INTO `orders` VALUES (260, 2, 2, 7.8, 19.5, 1, '2022-10-28 18:09:09', 1, 1);
INSERT INTO `orders` VALUES (261, 9, 2, 15.8, 39.5, 1, '2022-10-26 23:09:09', 3, 2);
INSERT INTO `orders` VALUES (262, 5, 2, 9.95, 34.82, 2, '2022-10-27 15:09:09', 3, 3);
INSERT INTO `orders` VALUES (263, 3, 1, 1.3, 3.25, 1, '2022-10-25 23:09:09', 1, 2);
INSERT INTO `orders` VALUES (264, 7, 3, 22.6, 56.5, 1, '2022-10-26 01:09:09', 1, 2);
INSERT INTO `orders` VALUES (265, 4, 3, 5.7, 19.95, 1, '2022-10-24 22:09:09', 2, 3);
INSERT INTO `orders` VALUES (266, 6, 1, 8.75, 30.62, 2, '2022-10-28 19:09:09', 2, 3);
INSERT INTO `orders` VALUES (267, 8, 3, 4.75, 16.62, 2, '2022-10-26 06:09:09', 1, 2);
INSERT INTO `orders` VALUES (268, 6, 2, 3.05, 10.67, 1, '2022-10-24 18:09:09', 2, 2);
INSERT INTO `orders` VALUES (269, 4, 3, 10.9, 38.15, 1, '2022-10-27 04:09:09', 3, 2);
INSERT INTO `orders` VALUES (270, 8, 1, 9.55, 33.42, 2, '2022-10-28 20:09:09', 3, 1);
INSERT INTO `orders` VALUES (271, 8, 3, 12.6, 44.1, 1, '2022-10-24 15:09:09', 1, 1);
INSERT INTO `orders` VALUES (272, 5, 1, 8.25, 28.87, 2, '2022-10-26 11:09:09', 3, 2);
INSERT INTO `orders` VALUES (273, 1, 2, 7.1, 17.75, 1, '2022-10-30 11:09:09', 1, 2);
INSERT INTO `orders` VALUES (274, 1, 3, 24.4, 61, 1, '2022-10-30 21:09:09', 2, 2);
INSERT INTO `orders` VALUES (275, 8, 3, 8.95, 31.32, 1, '2022-10-29 00:09:09', 3, 1);
INSERT INTO `orders` VALUES (276, 3, 3, 24.1, 60.25, 1, '2022-10-26 07:09:09', 1, 2);
INSERT INTO `orders` VALUES (277, 6, 1, 11.8, 41.3, 1, '2022-10-28 01:09:09', 1, 3);
INSERT INTO `orders` VALUES (278, 7, 2, 0.7, 1.75, 1, '2022-10-27 18:09:09', 1, 2);
INSERT INTO `orders` VALUES (279, 3, 2, 28.9, 72.25, 1, '2022-10-25 17:09:09', 1, 3);
INSERT INTO `orders` VALUES (280, 9, 3, 30.6, 76.5, 1, '2022-10-24 08:09:09', 3, 3);
INSERT INTO `orders` VALUES (281, 3, 3, 4.2, 10.5, 1, '2022-10-25 01:09:09', 2, 1);
INSERT INTO `orders` VALUES (282, 3, 2, 9.3, 23.25, 1, '2022-10-25 19:09:09', 1, 2);
INSERT INTO `orders` VALUES (283, 7, 3, 2.5, 6.25, 1, '2022-10-28 15:09:09', 1, 3);
INSERT INTO `orders` VALUES (284, 1, 3, 17.8, 44.5, 2, '2022-10-24 21:09:09', 3, 3);
INSERT INTO `orders` VALUES (285, 7, 3, 8.9, 22.25, 2, '2022-10-30 08:09:09', 2, 3);
INSERT INTO `orders` VALUES (286, 6, 2, 13.9, 48.65, 2, '2022-10-26 07:09:09', 1, 1);
INSERT INTO `orders` VALUES (287, 4, 3, 15.2, 53.2, 2, '2022-10-28 01:09:09', 3, 1);
INSERT INTO `orders` VALUES (288, 7, 1, 11.7, 29.25, 2, '2022-10-28 14:09:09', 2, 1);
INSERT INTO `orders` VALUES (289, 2, 1, 23.8, 59.5, 3, '2022-10-26 08:09:09', 1, 2);
INSERT INTO `orders` VALUES (290, 7, 3, 15.6, 39, 1, '2022-10-29 20:09:09', 2, 2);
INSERT INTO `orders` VALUES (291, 8, 1, 2.65, 9.27, 2, '2022-10-28 09:09:09', 1, 3);
INSERT INTO `orders` VALUES (292, 10, 2, 13.6, 47.6, 1, '2022-10-29 01:09:09', 1, 1);
INSERT INTO `orders` VALUES (293, 4, 1, 9.35, 32.72, 2, '2022-10-24 15:09:09', 2, 2);
INSERT INTO `orders` VALUES (294, 7, 2, 9.9, 24.75, 2, '2022-10-28 14:09:09', 2, 1);
INSERT INTO `orders` VALUES (295, 9, 1, 22.5, 56.25, 2, '2022-10-24 20:09:09', 3, 3);
INSERT INTO `orders` VALUES (296, 7, 2, 30.3, 75.75, 1, '2022-10-27 00:09:09', 2, 2);
INSERT INTO `orders` VALUES (297, 2, 3, 3.9, 9.75, 2, '2022-10-29 15:09:09', 1, 1);
INSERT INTO `orders` VALUES (298, 5, 3, 14.2, 49.7, 3, '2022-10-28 06:09:09', 1, 1);
INSERT INTO `orders` VALUES (299, 7, 2, 25.4, 63.5, 2, '2022-10-30 03:09:09', 3, 2);
INSERT INTO `orders` VALUES (300, 5, 1, 12.55, 43.92, 3, '2022-10-29 09:09:09', 3, 3);
INSERT INTO `orders` VALUES (301, 7, 3, 20.9, 52.25, 2, '2022-10-27 07:09:09', 3, 2);
INSERT INTO `orders` VALUES (302, 3, 3, 18, 45, 3, '2022-10-27 04:09:09', 2, 3);
INSERT INTO `orders` VALUES (303, 6, 1, 8.45, 29.57, 1, '2022-10-30 20:09:09', 1, 1);
INSERT INTO `orders` VALUES (304, 2, 3, 5.4, 13.5, 2, '2022-10-28 07:09:09', 3, 1);
INSERT INTO `orders` VALUES (305, 2, 2, 21.9, 54.75, 2, '2022-10-24 00:09:09', 2, 2);
INSERT INTO `orders` VALUES (306, 1, 1, 3, 7.5, 1, '2022-10-28 09:09:09', 3, 1);
INSERT INTO `orders` VALUES (307, 10, 3, 14.8, 51.8, 1, '2022-10-24 08:09:09', 1, 2);
INSERT INTO `orders` VALUES (308, 5, 3, 13.75, 48.12, 1, '2022-10-28 14:09:09', 1, 1);
INSERT INTO `orders` VALUES (309, 8, 3, 5.2, 18.2, 1, '2022-10-26 18:09:09', 2, 3);
INSERT INTO `orders` VALUES (310, 3, 3, 1.6, 4, 3, '2022-10-25 13:09:09', 2, 3);
INSERT INTO `orders` VALUES (311, 7, 1, 0.6, 1.5, 1, '2022-10-26 16:09:09', 3, 2);
INSERT INTO `orders` VALUES (312, 9, 2, 16.4, 41, 2, '2022-10-26 15:09:09', 2, 2);
INSERT INTO `orders` VALUES (313, 1, 1, 15.9, 39.75, 2, '2022-10-27 11:09:09', 2, 1);
INSERT INTO `orders` VALUES (314, 6, 2, 4, 14, 3, '2022-10-30 21:09:09', 2, 3);
INSERT INTO `orders` VALUES (315, 9, 1, 22.9, 57.25, 2, '2022-10-25 05:09:09', 1, 2);
INSERT INTO `orders` VALUES (316, 5, 3, 5.9, 20.65, 3, '2022-10-24 08:09:09', 3, 2);
INSERT INTO `orders` VALUES (317, 4, 2, 5.55, 19.42, 1, '2022-10-26 00:09:09', 2, 3);
INSERT INTO `orders` VALUES (318, 7, 3, 29, 72.5, 2, '2022-10-25 14:09:09', 3, 3);
INSERT INTO `orders` VALUES (319, 1, 3, 13.1, 32.75, 1, '2022-10-29 06:09:09', 3, 3);
INSERT INTO `orders` VALUES (320, 7, 1, 10.1, 25.25, 1, '2022-10-24 02:09:09', 1, 2);
INSERT INTO `orders` VALUES (321, 4, 2, 0.8, 2.8, 1, '2022-10-30 10:09:09', 3, 1);
INSERT INTO `orders` VALUES (322, 6, 2, 13.9, 48.65, 3, '2022-10-26 10:09:09', 2, 2);
INSERT INTO `orders` VALUES (323, 8, 1, 8.5, 29.75, 3, '2022-10-24 20:09:09', 2, 3);
INSERT INTO `orders` VALUES (324, 7, 3, 1.2, 3, 2, '2022-10-30 15:09:09', 2, 1);
INSERT INTO `orders` VALUES (325, 7, 3, 1.5, 3.75, 2, '2022-10-27 21:09:09', 2, 1);
INSERT INTO `orders` VALUES (326, 1, 2, 7.9, 19.75, 2, '2022-10-30 11:09:09', 2, 1);
INSERT INTO `orders` VALUES (327, 9, 3, 13.8, 34.5, 2, '2022-10-30 13:09:09', 2, 2);
INSERT INTO `orders` VALUES (328, 6, 3, 10.3, 36.05, 3, '2022-10-28 15:09:09', 1, 1);
INSERT INTO `orders` VALUES (329, 8, 2, 13, 45.5, 2, '2022-10-28 17:09:09', 1, 3);
INSERT INTO `orders` VALUES (330, 2, 2, 8.3, 20.75, 2, '2022-10-28 12:09:09', 3, 3);
INSERT INTO `orders` VALUES (331, 4, 1, 11.7, 40.95, 3, '2022-10-24 17:09:09', 1, 1);
INSERT INTO `orders` VALUES (332, 9, 2, 19.9, 49.75, 1, '2022-10-28 22:09:09', 1, 1);
INSERT INTO `orders` VALUES (333, 5, 3, 2.05, 7.17, 2, '2022-10-27 09:09:09', 2, 3);
INSERT INTO `orders` VALUES (334, 10, 3, 2.2, 7.7, 3, '2022-10-30 01:09:09', 1, 1);
INSERT INTO `orders` VALUES (335, 7, 2, 11.4, 28.5, 1, '2022-10-30 11:09:09', 1, 2);
INSERT INTO `orders` VALUES (336, 2, 3, 30.5, 76.25, 1, '2022-10-25 00:09:09', 3, 3);
INSERT INTO `orders` VALUES (337, 7, 3, 24, 60, 3, '2022-10-28 13:09:09', 1, 3);
INSERT INTO `orders` VALUES (338, 7, 3, 30.7, 76.75, 1, '2022-10-30 02:09:09', 3, 3);
INSERT INTO `orders` VALUES (339, 9, 1, 26.5, 66.25, 3, '2022-10-24 10:09:09', 3, 3);
INSERT INTO `orders` VALUES (340, 6, 1, 7.7, 26.95, 2, '2022-10-25 16:09:09', 1, 2);
INSERT INTO `orders` VALUES (341, 1, 2, 26, 65, 2, '2022-10-29 06:09:09', 2, 3);
INSERT INTO `orders` VALUES (342, 8, 3, 4.9, 17.15, 3, '2022-10-27 15:09:09', 2, 2);
INSERT INTO `orders` VALUES (343, 6, 2, 6.25, 21.87, 1, '2022-10-24 22:09:09', 2, 1);
INSERT INTO `orders` VALUES (344, 7, 1, 25.3, 63.25, 1, '2022-10-26 18:09:09', 2, 3);
INSERT INTO `orders` VALUES (345, 10, 3, 1.3, 4.55, 1, '2022-10-26 08:09:09', 2, 1);
INSERT INTO `orders` VALUES (346, 10, 1, 6.05, 21.17, 2, '2022-10-26 04:09:09', 3, 3);
INSERT INTO `orders` VALUES (347, 1, 2, 9.8, 24.5, 2, '2022-10-24 18:09:09', 2, 3);
INSERT INTO `orders` VALUES (348, 10, 1, 9.9, 34.65, 2, '2022-10-29 08:09:09', 1, 3);
INSERT INTO `orders` VALUES (349, 1, 1, 11.4, 28.5, 3, '2022-10-28 12:09:09', 2, 3);
INSERT INTO `orders` VALUES (350, 6, 3, 8.45, 29.57, 3, '2022-10-25 23:09:09', 2, 1);
INSERT INTO `orders` VALUES (351, 0, 2, 24.2, 60.5, 2, '2022-09-26 12:09:09', 1, 2);
INSERT INTO `orders` VALUES (352, 0, 3, 9.1, 22.75, 2, '2022-09-26 12:09:09', 2, 2);
INSERT INTO `orders` VALUES (353, 6, 2, 15.2, 53.2, 1, '2022-09-27 12:09:09', 3, 3);
INSERT INTO `orders` VALUES (354, 0, 2, 3.1, 7.75, 3, '2022-09-29 12:09:09', 3, 2);
INSERT INTO `orders` VALUES (355, 1, 3, 27.7, 69.25, 3, '2022-08-29 12:09:09', 1, 2);
INSERT INTO `orders` VALUES (356, 0, 2, 5.4, 13.5, 3, '2022-09-30 12:09:09', 3, 2);
INSERT INTO `orders` VALUES (357, 2, 1, 8.6, 21.5, 1, '2022-06-27 12:09:09', 1, 1);
INSERT INTO `orders` VALUES (358, 2, 2, 13.7, 34.25, 3, '2022-07-30 12:09:09', 1, 2);
INSERT INTO `orders` VALUES (359, 5, 3, 3.5, 12.25, 2, '2022-08-28 12:09:09', 2, 1);
INSERT INTO `orders` VALUES (360, 6, 3, 12.3, 43.05, 1, '2022-08-28 12:09:09', 3, 1);
INSERT INTO `orders` VALUES (361, 3, 3, 3.7, 9.25, 3, '2022-08-25 12:09:09', 1, 3);
INSERT INTO `orders` VALUES (362, 4, 3, 10.85, 37.97, 3, '2022-06-30 12:09:09', 1, 2);
INSERT INTO `orders` VALUES (363, 8, 1, 4.3, 15.05, 1, '2022-07-28 12:09:09', 2, 3);
INSERT INTO `orders` VALUES (364, 8, 2, 14.1, 49.35, 3, '2022-09-24 12:09:09', 3, 1);
INSERT INTO `orders` VALUES (365, 9, 3, 27.6, 69, 2, '2022-07-25 12:09:09', 3, 1);
INSERT INTO `orders` VALUES (366, 0, 3, 2.7, 6.75, 3, '2022-07-29 12:09:09', 1, 1);
INSERT INTO `orders` VALUES (367, 5, 2, 5.25, 18.37, 3, '2022-09-25 12:09:09', 3, 2);
INSERT INTO `orders` VALUES (368, 2, 2, 17.5, 43.75, 1, '2022-09-24 12:09:09', 3, 3);
INSERT INTO `orders` VALUES (369, 5, 1, 6.75, 23.62, 1, '2022-06-30 12:09:09', 1, 3);
INSERT INTO `orders` VALUES (370, 5, 2, 14.7, 51.45, 3, '2022-09-24 12:09:09', 3, 2);
INSERT INTO `orders` VALUES (371, 8, 3, 1.6, 5.6, 1, '2022-09-28 12:09:09', 3, 2);
INSERT INTO `orders` VALUES (372, 5, 3, 13.7, 47.95, 3, '2022-07-26 12:09:09', 1, 1);
INSERT INTO `orders` VALUES (373, 4, 1, 14.7, 51.45, 1, '2022-08-30 12:09:09', 3, 2);
INSERT INTO `orders` VALUES (374, 4, 1, 1.45, 5.07, 1, '2022-08-30 12:09:09', 3, 1);
INSERT INTO `orders` VALUES (375, 5, 2, 8.45, 29.57, 1, '2022-07-24 12:09:09', 3, 2);
INSERT INTO `orders` VALUES (376, 6, 3, 0.8, 2.8, 2, '2022-08-30 12:09:09', 3, 2);
INSERT INTO `orders` VALUES (377, 2, 1, 6.6, 16.5, 1, '2022-09-26 12:09:09', 1, 3);
INSERT INTO `orders` VALUES (378, 1, 3, 22, 55, 3, '2022-07-26 12:09:09', 2, 3);
INSERT INTO `orders` VALUES (379, 8, 2, 5.1, 17.85, 1, '2022-09-28 12:09:09', 1, 2);
INSERT INTO `orders` VALUES (380, 6, 3, 3, 10.5, 1, '2022-06-27 12:09:09', 2, 2);
INSERT INTO `orders` VALUES (381, 3, 2, 26.5, 66.25, 3, '2022-07-24 12:09:09', 2, 2);
INSERT INTO `orders` VALUES (382, 2, 3, 9, 22.5, 1, '2022-07-29 12:09:09', 3, 2);
INSERT INTO `orders` VALUES (383, 5, 3, 11.5, 40.25, 2, '2022-09-27 12:09:09', 2, 1);
INSERT INTO `orders` VALUES (384, 1, 2, 22.3, 55.75, 3, '2022-06-28 12:09:09', 2, 1);
INSERT INTO `orders` VALUES (385, 5, 1, 11.15, 39.02, 1, '2022-06-29 12:09:09', 2, 2);
INSERT INTO `orders` VALUES (386, 8, 2, 8.8, 30.8, 1, '2022-09-30 12:09:09', 1, 3);
INSERT INTO `orders` VALUES (387, 9, 1, 14, 35, 3, '2022-06-29 12:09:09', 2, 2);
INSERT INTO `orders` VALUES (388, 5, 2, 1.15, 4.02, 3, '2022-06-28 12:09:09', 2, 1);
INSERT INTO `orders` VALUES (389, 0, 2, 24, 60, 2, '2022-07-26 12:09:09', 3, 1);
INSERT INTO `orders` VALUES (390, 1, 3, 23.2, 58, 3, '2022-07-29 12:09:09', 3, 2);
INSERT INTO `orders` VALUES (391, 1, 2, 7.5, 18.75, 3, '2022-07-27 12:09:09', 3, 1);
INSERT INTO `orders` VALUES (392, 7, 1, 12.2, 30.5, 1, '2022-08-28 12:09:09', 2, 2);
INSERT INTO `orders` VALUES (393, 1, 2, 22.8, 57, 2, '2022-09-25 12:09:09', 1, 3);
INSERT INTO `orders` VALUES (394, 1, 2, 8.4, 21, 2, '2022-07-29 12:09:09', 2, 1);
INSERT INTO `orders` VALUES (395, 7, 2, 26.9, 67.25, 3, '2022-09-30 12:09:09', 1, 1);
INSERT INTO `orders` VALUES (396, 7, 3, 12.5, 31.25, 1, '2022-09-25 12:09:09', 2, 2);
INSERT INTO `orders` VALUES (397, 3, 2, 29.6, 74, 2, '2022-08-25 12:09:09', 3, 3);
INSERT INTO `orders` VALUES (398, 3, 1, 13.9, 34.75, 2, '2022-08-27 12:09:09', 3, 2);
INSERT INTO `orders` VALUES (399, 9, 3, 4.5, 11.25, 2, '2022-08-26 12:09:09', 3, 2);
INSERT INTO `orders` VALUES (400, 7, 3, 7.9, 19.75, 2, '2022-07-30 12:09:09', 2, 1);
INSERT INTO `orders` VALUES (401, 2, 3, 26.8, 67, 2, '2022-07-28 12:09:09', 2, 3);
INSERT INTO `orders` VALUES (402, 1, 2, 10.3, 25.75, 2, '2022-09-26 12:09:09', 1, 2);
INSERT INTO `orders` VALUES (403, 6, 2, 12.3, 43.05, 2, '2022-09-26 12:09:09', 2, 2);
INSERT INTO `orders` VALUES (404, 8, 1, 8.8, 30.8, 3, '2022-08-28 12:09:09', 1, 3);
INSERT INTO `orders` VALUES (405, 5, 3, 6.75, 23.62, 2, '2022-06-27 12:09:09', 3, 3);
INSERT INTO `orders` VALUES (406, 3, 2, 4.7, 11.75, 1, '2022-09-25 12:09:09', 2, 3);
INSERT INTO `orders` VALUES (407, 1, 2, 9.9, 24.75, 1, '2022-06-26 12:09:09', 1, 2);
INSERT INTO `orders` VALUES (408, 1, 2, 14.6, 36.5, 1, '2022-09-27 12:09:09', 3, 2);
INSERT INTO `orders` VALUES (409, 9, 1, 27.7, 69.25, 2, '2022-08-26 12:09:09', 1, 2);
INSERT INTO `orders` VALUES (410, 1, 2, 22.4, 56, 1, '2022-07-24 12:09:09', 1, 2);
INSERT INTO `orders` VALUES (411, 3, 3, 5.7, 14.25, 1, '2022-06-29 12:09:09', 3, 1);
INSERT INTO `orders` VALUES (412, 6, 3, 7.55, 26.42, 3, '2022-07-28 12:09:09', 1, 1);
INSERT INTO `orders` VALUES (413, 5, 3, 3.4, 11.9, 2, '2022-09-24 12:09:09', 1, 3);
INSERT INTO `orders` VALUES (414, 6, 3, 12.25, 42.87, 2, '2022-08-24 12:09:09', 3, 1);
INSERT INTO `orders` VALUES (415, 7, 2, 30.5, 76.25, 2, '2022-08-26 12:09:09', 1, 2);
INSERT INTO `orders` VALUES (416, 7, 1, 5.1, 12.75, 2, '2022-07-28 12:09:09', 2, 2);
INSERT INTO `orders` VALUES (417, 5, 2, 2.6, 9.1, 3, '2022-09-25 12:09:09', 3, 1);
INSERT INTO `orders` VALUES (418, 7, 3, 28.1, 70.25, 3, '2022-09-30 12:09:09', 1, 3);
INSERT INTO `orders` VALUES (419, 2, 2, 12.9, 32.25, 2, '2022-08-26 12:09:09', 1, 1);
INSERT INTO `orders` VALUES (420, 9, 3, 26.5, 66.25, 1, '2022-09-28 12:09:09', 3, 2);
INSERT INTO `orders` VALUES (421, 4, 3, 6.1, 21.35, 3, '2022-07-30 12:09:09', 3, 3);
INSERT INTO `orders` VALUES (422, 5, 2, 11.65, 40.77, 3, '2022-06-29 12:09:09', 3, 3);
INSERT INTO `orders` VALUES (423, 1, 1, 18, 45, 2, '2022-09-28 12:09:09', 1, 2);
INSERT INTO `orders` VALUES (424, 9, 1, 30.7, 76.75, 2, '2022-06-26 12:09:09', 2, 1);
INSERT INTO `orders` VALUES (425, 7, 2, 29.4, 73.5, 3, '2022-09-27 12:09:09', 3, 3);
INSERT INTO `orders` VALUES (426, 2, 1, 13.5, 33.75, 1, '2022-07-25 12:09:09', 3, 1);
INSERT INTO `orders` VALUES (427, 2, 1, 28.6, 71.5, 1, '2022-07-29 12:09:09', 2, 1);
INSERT INTO `orders` VALUES (428, 3, 1, 27.4, 68.5, 2, '2022-08-28 12:09:09', 1, 3);
INSERT INTO `orders` VALUES (429, 9, 3, 9, 22.5, 2, '2022-07-28 12:09:09', 3, 2);
INSERT INTO `orders` VALUES (430, 4, 1, 4.3, 15.05, 1, '2022-06-30 12:09:09', 1, 1);
INSERT INTO `orders` VALUES (431, 9, 2, 12.9, 32.25, 2, '2022-09-25 12:09:09', 2, 1);
INSERT INTO `orders` VALUES (432, 2, 1, 1.4, 3.5, 2, '2022-08-28 12:09:09', 1, 3);
INSERT INTO `orders` VALUES (433, 8, 1, 1.9, 6.65, 1, '2022-08-26 12:09:09', 1, 2);
INSERT INTO `orders` VALUES (434, 4, 1, 9.85, 34.47, 3, '2022-08-25 12:09:09', 3, 3);
INSERT INTO `orders` VALUES (435, 1, 3, 2.1, 5.25, 3, '2022-09-24 12:09:09', 1, 3);
INSERT INTO `orders` VALUES (436, 3, 3, 30.1, 75.25, 3, '2022-07-24 12:09:09', 1, 3);
INSERT INTO `orders` VALUES (437, 8, 2, 9.8, 34.3, 1, '2022-09-27 12:09:09', 2, 1);
INSERT INTO `orders` VALUES (438, 0, 1, 7.7, 19.25, 3, '2022-06-28 12:09:09', 3, 1);
INSERT INTO `orders` VALUES (439, 8, 1, 3.7, 12.95, 2, '2022-06-30 12:09:09', 3, 3);
INSERT INTO `orders` VALUES (440, 4, 2, 4.55, 15.92, 1, '2022-08-27 12:09:09', 3, 3);
INSERT INTO `orders` VALUES (441, 7, 3, 6, 15, 2, '2022-06-26 12:09:09', 1, 1);
INSERT INTO `orders` VALUES (442, 1, 1, 11.5, 28.75, 2, '2022-06-30 12:09:09', 2, 1);
INSERT INTO `orders` VALUES (443, 6, 3, 12.1, 42.35, 1, '2022-09-28 12:09:09', 3, 3);
INSERT INTO `orders` VALUES (444, 9, 3, 20.2, 50.5, 3, '2022-07-30 12:09:09', 2, 1);
INSERT INTO `orders` VALUES (445, 9, 3, 30.9, 77.25, 3, '2022-09-30 12:09:09', 3, 3);
INSERT INTO `orders` VALUES (446, 8, 3, 7.35, 25.72, 3, '2022-06-26 12:09:09', 1, 2);
INSERT INTO `orders` VALUES (447, 0, 1, 1.4, 3.5, 3, '2022-06-29 12:09:09', 3, 2);
INSERT INTO `orders` VALUES (448, 8, 2, 6.05, 21.17, 3, '2022-07-24 12:09:09', 3, 1);
INSERT INTO `orders` VALUES (449, 8, 2, 6.7, 23.45, 2, '2022-09-28 12:09:09', 3, 2);
INSERT INTO `orders` VALUES (450, 8, 1, 3.8, 13.3, 2, '2022-09-26 12:09:09', 3, 3);
INSERT INTO `orders` VALUES (451, 4, 3, 1.8, 6.3, 2, '2022-09-30 12:09:09', 2, 2);
INSERT INTO `orders` VALUES (452, 0, 1, 4.7, 11.75, 1, '2022-06-29 12:09:09', 2, 2);
INSERT INTO `orders` VALUES (453, 9, 3, 9.1, 22.75, 2, '2022-08-26 12:09:09', 2, 1);
INSERT INTO `orders` VALUES (454, 3, 2, 4.7, 11.75, 2, '2022-08-30 12:09:09', 2, 1);
INSERT INTO `orders` VALUES (455, 3, 2, 14.7, 36.75, 2, '2022-08-25 12:09:09', 2, 3);
INSERT INTO `orders` VALUES (456, 6, 3, 5.6, 19.6, 1, '2022-08-24 12:09:09', 3, 3);
INSERT INTO `orders` VALUES (457, 0, 2, 19.7, 49.25, 2, '2022-09-26 12:09:09', 2, 3);
INSERT INTO `orders` VALUES (458, 4, 1, 10.55, 36.92, 3, '2022-06-27 12:09:09', 3, 3);
INSERT INTO `orders` VALUES (459, 6, 3, 7.85, 27.47, 1, '2022-08-30 12:09:09', 2, 2);
INSERT INTO `orders` VALUES (460, 6, 2, 3.35, 11.72, 2, '2022-06-27 12:09:09', 3, 3);
INSERT INTO `orders` VALUES (461, 0, 1, 22.2, 55.5, 2, '2022-08-29 12:09:09', 2, 1);
INSERT INTO `orders` VALUES (462, 3, 2, 29, 72.5, 2, '2022-07-25 12:09:09', 2, 2);
INSERT INTO `orders` VALUES (463, 8, 3, 14.55, 50.92, 3, '2022-09-28 12:09:09', 1, 2);
INSERT INTO `orders` VALUES (464, 5, 1, 5.15, 18.02, 2, '2022-06-29 12:09:09', 1, 3);
INSERT INTO `orders` VALUES (465, 4, 2, 2.1, 7.35, 3, '2022-06-29 12:09:09', 3, 3);
INSERT INTO `orders` VALUES (466, 9, 1, 27, 67.5, 3, '2022-08-24 12:09:09', 1, 2);
INSERT INTO `orders` VALUES (467, 1, 1, 3, 7.5, 2, '2022-08-24 12:09:09', 2, 3);
INSERT INTO `orders` VALUES (468, 7, 1, 23.1, 57.75, 3, '2022-08-29 12:09:09', 3, 3);
INSERT INTO `orders` VALUES (469, 4, 3, 2.5, 8.75, 3, '2022-09-29 12:09:09', 2, 2);
INSERT INTO `orders` VALUES (470, 3, 2, 1, 2.5, 1, '2022-07-27 12:09:09', 1, 3);
INSERT INTO `orders` VALUES (471, 1, 3, 4.7, 11.75, 3, '2022-09-30 12:09:09', 1, 3);
INSERT INTO `orders` VALUES (472, 9, 3, 3.6, 9, 1, '2022-07-24 12:09:09', 3, 1);
INSERT INTO `orders` VALUES (473, 8, 1, 4.7, 16.45, 2, '2022-09-27 12:09:09', 1, 2);
INSERT INTO `orders` VALUES (474, 1, 1, 17.8, 44.5, 3, '2022-06-29 12:09:09', 3, 1);
INSERT INTO `orders` VALUES (475, 6, 3, 1.3, 4.55, 3, '2022-06-28 12:09:09', 1, 2);
INSERT INTO `orders` VALUES (476, 3, 3, 3.7, 9.25, 1, '2022-06-25 12:09:09', 3, 3);
INSERT INTO `orders` VALUES (477, 4, 2, 3.05, 10.67, 3, '2022-09-25 12:09:09', 3, 2);
INSERT INTO `orders` VALUES (478, 4, 1, 11.15, 39.02, 3, '2022-06-28 12:09:09', 2, 3);
INSERT INTO `orders` VALUES (479, 3, 2, 3.1, 7.75, 2, '2022-08-29 12:09:09', 1, 3);
INSERT INTO `orders` VALUES (480, 4, 1, 4.4, 15.4, 2, '2022-07-26 12:09:09', 2, 2);
INSERT INTO `orders` VALUES (481, 3, 2, 23.5, 58.75, 1, '2022-07-29 12:09:09', 1, 3);
INSERT INTO `orders` VALUES (482, 5, 3, 11.55, 40.42, 1, '2022-07-26 12:09:09', 3, 1);
INSERT INTO `orders` VALUES (483, 0, 1, 7.5, 18.75, 3, '2022-08-25 12:09:09', 3, 2);
INSERT INTO `orders` VALUES (484, 6, 2, 9.35, 32.72, 1, '2022-08-28 12:09:09', 3, 3);
INSERT INTO `orders` VALUES (485, 5, 2, 2.6, 9.1, 1, '2022-09-29 12:09:09', 3, 2);
INSERT INTO `orders` VALUES (486, 6, 3, 5.75, 20.12, 1, '2022-09-24 12:09:09', 1, 3);
INSERT INTO `orders` VALUES (487, 5, 1, 11.25, 39.37, 3, '2022-07-29 12:09:09', 2, 2);
INSERT INTO `orders` VALUES (488, 2, 2, 25, 62.5, 1, '2022-07-28 12:09:09', 2, 2);
INSERT INTO `orders` VALUES (489, 6, 2, 2.45, 8.57, 2, '2022-06-26 12:09:09', 3, 3);
INSERT INTO `orders` VALUES (490, 3, 2, 17.5, 43.75, 1, '2022-09-25 12:09:09', 1, 1);
INSERT INTO `orders` VALUES (491, 1, 1, 23.8, 59.5, 2, '2022-08-28 12:09:09', 3, 3);
INSERT INTO `orders` VALUES (492, 7, 1, 25.9, 64.75, 3, '2022-09-29 12:09:09', 2, 1);
INSERT INTO `orders` VALUES (493, 2, 1, 12.6, 31.5, 3, '2022-09-25 12:09:09', 1, 2);
INSERT INTO `orders` VALUES (494, 8, 2, 12.15, 42.52, 3, '2022-09-25 12:09:09', 1, 1);
INSERT INTO `orders` VALUES (495, 3, 1, 13.6, 34, 3, '2022-06-27 12:09:09', 2, 3);
INSERT INTO `orders` VALUES (496, 8, 1, 5.95, 20.82, 1, '2022-09-28 12:09:09', 2, 2);
INSERT INTO `orders` VALUES (497, 6, 1, 1.75, 6.12, 1, '2022-08-25 12:09:09', 2, 1);
INSERT INTO `orders` VALUES (498, 2, 1, 29.3, 73.25, 3, '2022-06-25 12:09:09', 1, 3);
INSERT INTO `orders` VALUES (499, 4, 2, 5.2, 18.2, 3, '2022-06-25 12:09:09', 3, 2);
INSERT INTO `orders` VALUES (500, 9, 1, 27, 67.5, 3, '2022-07-29 12:09:09', 2, 2);
INSERT INTO `orders` VALUES (501, 5, 3, 1.4, 4.9, 2, '2022-04-01 12:09:09', 1, 3);
INSERT INTO `orders` VALUES (502, 9, 2, 3.6, 9, 2, '2022-04-01 12:09:09', 3, 3);
INSERT INTO `orders` VALUES (503, 4, 3, 0.8, 2.8, 1, '2022-05-01 12:09:09', 3, 3);
INSERT INTO `orders` VALUES (504, 10, 3, 13.25, 46.37, 1, '2022-09-01 12:09:09', 1, 3);
INSERT INTO `orders` VALUES (505, 1, 2, 4.7, 11.75, 1, '2022-03-01 12:09:09', 1, 2);
INSERT INTO `orders` VALUES (506, 1, 2, 1.8, 4.5, 2, '2022-08-01 12:09:09', 3, 1);
INSERT INTO `orders` VALUES (507, 10, 3, 2.1, 7.35, 2, '2022-07-01 12:09:09', 1, 2);
INSERT INTO `orders` VALUES (508, 9, 1, 15.4, 38.5, 2, '2022-12-01 12:09:09', 3, 2);
INSERT INTO `orders` VALUES (509, 10, 1, 12.8, 44.8, 2, '2022-09-01 12:09:09', 1, 3);
INSERT INTO `orders` VALUES (510, 3, 1, 23.8, 59.5, 1, '2022-11-01 12:09:09', 1, 2);
INSERT INTO `orders` VALUES (511, 7, 1, 29.5, 73.75, 2, '2022-07-01 12:09:09', 2, 2);
INSERT INTO `orders` VALUES (512, 4, 3, 5.2, 18.2, 2, '2022-05-01 12:09:09', 1, 1);
INSERT INTO `orders` VALUES (513, 10, 1, 3.6, 12.6, 2, '2022-10-01 12:09:09', 3, 3);
INSERT INTO `orders` VALUES (514, 4, 2, 13.15, 46.02, 1, '2022-12-01 12:09:09', 1, 1);
INSERT INTO `orders` VALUES (515, 7, 2, 21, 52.5, 1, '2022-05-01 12:09:09', 2, 3);
INSERT INTO `orders` VALUES (516, 4, 1, 14.65, 51.27, 2, '2022-10-01 12:09:09', 2, 2);
INSERT INTO `orders` VALUES (517, 10, 2, 5, 17.5, 2, '2022-03-01 12:09:09', 1, 3);
INSERT INTO `orders` VALUES (518, 7, 2, 16, 40, 2, '2022-05-01 12:09:09', 2, 2);
INSERT INTO `orders` VALUES (519, 9, 3, 23, 57.5, 1, '2022-07-01 12:09:09', 1, 3);
INSERT INTO `orders` VALUES (520, 8, 2, 11.15, 39.02, 2, '2022-08-01 12:09:09', 3, 1);
INSERT INTO `orders` VALUES (521, 1, 1, 20.2, 50.5, 1, '2022-07-01 12:09:09', 3, 1);
INSERT INTO `orders` VALUES (522, 4, 2, 15.3, 53.55, 2, '2022-11-01 12:09:09', 3, 1);
INSERT INTO `orders` VALUES (523, 8, 2, 8.7, 30.45, 1, '2022-01-01 12:09:09', 1, 1);
INSERT INTO `orders` VALUES (524, 7, 2, 23.4, 58.5, 2, '2022-09-01 12:09:09', 1, 2);
INSERT INTO `orders` VALUES (525, 2, 1, 20.6, 51.5, 1, '2022-03-01 12:09:09', 3, 2);
INSERT INTO `orders` VALUES (526, 6, 2, 7.5, 26.25, 1, '2022-11-01 12:09:09', 1, 1);
INSERT INTO `orders` VALUES (527, 10, 3, 0.5, 1.75, 1, '2022-05-01 12:09:09', 1, 3);
INSERT INTO `orders` VALUES (528, 1, 2, 3.6, 9, 1, '2022-10-01 12:09:09', 1, 1);
INSERT INTO `orders` VALUES (529, 3, 3, 4.3, 10.75, 2, '2022-04-01 12:09:09', 2, 1);
INSERT INTO `orders` VALUES (530, 4, 2, 2.2, 7.7, 2, '2022-10-01 12:09:09', 1, 2);
INSERT INTO `orders` VALUES (531, 10, 2, 9.35, 32.72, 1, '2022-08-01 12:09:09', 3, 2);
INSERT INTO `orders` VALUES (532, 4, 2, 3.55, 12.42, 2, '2022-12-01 12:09:09', 3, 2);
INSERT INTO `orders` VALUES (533, 3, 3, 13.3, 33.25, 2, '2022-03-01 12:09:09', 1, 1);
INSERT INTO `orders` VALUES (534, 4, 3, 12.75, 44.62, 1, '2022-03-01 12:09:09', 3, 2);
INSERT INTO `orders` VALUES (535, 8, 2, 0.65, 2.27, 2, '2022-02-01 12:09:09', 3, 3);
INSERT INTO `orders` VALUES (536, 10, 2, 13.55, 47.42, 1, '2022-05-01 12:09:09', 2, 2);
INSERT INTO `orders` VALUES (537, 3, 2, 21.3, 53.25, 1, '2022-11-01 12:09:09', 2, 3);
INSERT INTO `orders` VALUES (538, 9, 3, 27.3, 68.25, 2, '2022-05-01 12:09:09', 2, 2);
INSERT INTO `orders` VALUES (539, 8, 1, 2.25, 7.87, 1, '2022-01-01 12:09:09', 2, 2);
INSERT INTO `orders` VALUES (540, 1, 3, 15.4, 38.5, 2, '2022-11-01 12:09:09', 1, 3);
INSERT INTO `orders` VALUES (541, 5, 3, 2.7, 9.45, 2, '2022-10-01 12:09:09', 2, 3);
INSERT INTO `orders` VALUES (542, 4, 3, 14.65, 51.27, 2, '2022-02-01 12:09:09', 3, 3);
INSERT INTO `orders` VALUES (543, 9, 3, 2.5, 6.25, 2, '2022-02-01 12:09:09', 2, 1);
INSERT INTO `orders` VALUES (544, 6, 3, 12.15, 42.52, 1, '2022-03-01 12:09:09', 2, 1);
INSERT INTO `orders` VALUES (545, 5, 3, 14.3, 50.05, 2, '2022-08-01 12:09:09', 3, 1);
INSERT INTO `orders` VALUES (546, 10, 3, 8.35, 29.22, 1, '2022-03-01 12:09:09', 2, 2);
INSERT INTO `orders` VALUES (547, 9, 1, 27.1, 67.75, 1, '2022-01-01 12:09:09', 1, 1);
INSERT INTO `orders` VALUES (548, 8, 1, 11.2, 39.2, 2, '2022-12-01 12:09:09', 3, 3);
INSERT INTO `orders` VALUES (549, 2, 2, 9.1, 22.75, 2, '2022-02-01 12:09:09', 2, 3);
INSERT INTO `orders` VALUES (550, 10, 3, 1.75, 6.12, 2, '2022-06-01 12:09:09', 3, 1);
INSERT INTO `orders` VALUES (551, 5, 1, 7.9, 27.65, 1, '2022-05-01 12:09:09', 2, 2);
INSERT INTO `orders` VALUES (552, 10, 2, 13.55, 47.42, 2, '2022-09-01 12:09:09', 1, 1);
INSERT INTO `orders` VALUES (553, 10, 2, 12.8, 44.8, 1, '2022-11-01 12:09:09', 1, 1);
INSERT INTO `orders` VALUES (554, 5, 1, 4.1, 14.35, 2, '2022-10-01 12:09:09', 2, 2);
INSERT INTO `orders` VALUES (555, 10, 2, 9.4, 32.9, 1, '2022-10-01 12:09:09', 2, 1);
INSERT INTO `orders` VALUES (556, 10, 2, 1.6, 5.6, 1, '2022-08-01 12:09:09', 1, 3);
INSERT INTO `orders` VALUES (557, 2, 2, 16.4, 41, 2, '2022-08-01 12:09:09', 3, 3);
INSERT INTO `orders` VALUES (558, 1, 2, 26.9, 67.25, 2, '2022-02-01 12:09:09', 3, 1);
INSERT INTO `orders` VALUES (559, 8, 3, 0.75, 2.62, 1, '2022-07-01 12:09:09', 1, 1);
INSERT INTO `orders` VALUES (560, 4, 1, 9.9, 34.65, 2, '2022-07-01 12:09:09', 2, 2);
INSERT INTO `orders` VALUES (561, 9, 1, 24.3, 60.75, 2, '2022-10-01 12:09:09', 1, 2);
INSERT INTO `orders` VALUES (562, 8, 1, 10.9, 38.15, 1, '2022-01-01 12:09:09', 1, 3);
INSERT INTO `orders` VALUES (563, 9, 1, 18.7, 46.75, 2, '2022-04-01 12:09:09', 2, 1);
INSERT INTO `orders` VALUES (564, 3, 3, 19.2, 48, 1, '2022-08-01 12:09:09', 1, 2);
INSERT INTO `orders` VALUES (565, 9, 1, 5.6, 14, 2, '2022-11-01 12:09:09', 1, 3);
INSERT INTO `orders` VALUES (566, 3, 3, 14.9, 37.25, 2, '2022-04-01 12:09:09', 2, 1);
INSERT INTO `orders` VALUES (567, 4, 1, 7.3, 25.55, 2, '2022-08-01 12:09:09', 3, 3);
INSERT INTO `orders` VALUES (568, 1, 2, 22.6, 56.5, 2, '2022-10-01 12:09:09', 3, 3);
INSERT INTO `orders` VALUES (569, 10, 3, 10.1, 35.35, 1, '2022-07-01 12:09:09', 3, 2);
INSERT INTO `orders` VALUES (570, 1, 3, 20.7, 51.75, 2, '2022-04-01 12:09:09', 3, 2);
INSERT INTO `orders` VALUES (571, 4, 2, 6.6, 23.1, 2, '2022-10-01 12:09:09', 2, 3);
INSERT INTO `orders` VALUES (572, 5, 2, 9.9, 34.65, 2, '2022-04-01 12:09:09', 1, 1);
INSERT INTO `orders` VALUES (573, 6, 3, 8.8, 30.8, 2, '2022-06-01 12:09:09', 2, 3);
INSERT INTO `orders` VALUES (574, 4, 1, 7.05, 24.67, 2, '2022-01-01 12:09:09', 2, 1);
INSERT INTO `orders` VALUES (575, 4, 2, 12, 42, 1, '2022-06-01 12:09:09', 3, 3);
INSERT INTO `orders` VALUES (576, 4, 2, 14.6, 51.1, 1, '2022-08-01 12:09:09', 3, 2);
INSERT INTO `orders` VALUES (577, 10, 2, 12.4, 43.4, 1, '2022-10-01 12:09:09', 1, 3);
INSERT INTO `orders` VALUES (578, 9, 1, 26.3, 65.75, 2, '2022-02-01 12:09:09', 2, 2);
INSERT INTO `orders` VALUES (579, 2, 1, 5.4, 13.5, 2, '2022-08-01 12:09:09', 2, 1);
INSERT INTO `orders` VALUES (580, 3, 3, 11.5, 28.75, 1, '2022-12-01 12:09:09', 3, 2);
INSERT INTO `orders` VALUES (581, 5, 1, 1.8, 6.3, 1, '2022-10-01 12:09:09', 1, 3);
INSERT INTO `orders` VALUES (582, 2, 3, 23.6, 59, 1, '2022-07-01 12:09:09', 1, 2);
INSERT INTO `orders` VALUES (583, 5, 2, 4.7, 16.45, 2, '2022-05-01 12:09:09', 1, 3);
INSERT INTO `orders` VALUES (584, 8, 1, 9.8, 34.3, 2, '2022-04-01 12:09:09', 1, 1);
INSERT INTO `orders` VALUES (585, 3, 2, 11.6, 29, 2, '2022-02-01 12:09:09', 3, 2);
INSERT INTO `orders` VALUES (586, 10, 1, 11.25, 39.37, 2, '2022-11-01 12:09:09', 2, 1);
INSERT INTO `orders` VALUES (587, 5, 3, 13.9, 48.65, 1, '2022-07-01 12:09:09', 1, 3);
INSERT INTO `orders` VALUES (588, 3, 1, 7.9, 19.75, 1, '2022-09-01 12:09:09', 3, 1);
INSERT INTO `orders` VALUES (589, 5, 2, 14.35, 50.22, 1, '2022-03-01 12:09:09', 3, 1);
INSERT INTO `orders` VALUES (590, 7, 2, 22.8, 57, 1, '2022-07-01 12:09:09', 2, 3);
INSERT INTO `orders` VALUES (591, 9, 3, 11.2, 28, 2, '2022-02-01 12:09:09', 3, 3);
INSERT INTO `orders` VALUES (592, 4, 1, 10.6, 37.1, 2, '2022-03-01 12:09:09', 1, 3);
INSERT INTO `orders` VALUES (593, 8, 2, 4.75, 16.62, 2, '2022-12-01 12:09:09', 1, 2);
INSERT INTO `orders` VALUES (594, 7, 2, 4.8, 12, 1, '2022-05-01 12:09:09', 1, 3);
INSERT INTO `orders` VALUES (595, 6, 2, 1.55, 5.42, 2, '2022-03-01 12:09:09', 3, 1);
INSERT INTO `orders` VALUES (596, 5, 3, 10.9, 38.15, 2, '2022-05-01 12:09:09', 2, 2);
INSERT INTO `orders` VALUES (597, 9, 3, 25.7, 64.25, 2, '2022-02-01 12:09:09', 3, 2);
INSERT INTO `orders` VALUES (598, 2, 3, 11.6, 29, 2, '2022-01-01 12:09:09', 2, 1);
INSERT INTO `orders` VALUES (599, 2, 2, 19.4, 48.5, 1, '2022-10-01 12:09:09', 2, 2);
INSERT INTO `orders` VALUES (600, 6, 2, 6.3, 22.05, 2, '2022-11-01 12:09:09', 3, 1);
INSERT INTO `orders` VALUES (601, 8, 1, 14.95, 52.32, 1, '2022-06-01 12:09:09', 2, 3);
INSERT INTO `orders` VALUES (602, 1, 1, 26.9, 67.25, 2, '2022-08-01 12:09:09', 2, 2);
INSERT INTO `orders` VALUES (603, 2, 2, 18.3, 45.75, 2, '2022-09-01 12:09:09', 2, 3);
INSERT INTO `orders` VALUES (604, 6, 1, 7.6, 26.6, 1, '2022-03-01 12:09:09', 1, 1);
INSERT INTO `orders` VALUES (605, 2, 1, 22.8, 57, 1, '2022-10-01 12:09:09', 2, 3);
INSERT INTO `orders` VALUES (606, 2, 2, 15.1, 37.75, 1, '2022-05-01 12:09:09', 1, 3);
INSERT INTO `orders` VALUES (607, 8, 2, 12.25, 42.87, 1, '2022-11-01 12:09:09', 3, 2);
INSERT INTO `orders` VALUES (608, 4, 2, 13.8, 48.3, 1, '2022-02-01 12:09:09', 1, 1);
INSERT INTO `orders` VALUES (609, 10, 3, 12, 42, 1, '2022-06-01 12:09:09', 1, 1);
INSERT INTO `orders` VALUES (610, 5, 1, 3.75, 13.12, 1, '2022-01-01 12:09:09', 2, 1);
INSERT INTO `orders` VALUES (611, 3, 2, 13.5, 33.75, 1, '2022-10-01 12:09:09', 1, 2);
INSERT INTO `orders` VALUES (612, 2, 1, 12.5, 31.25, 2, '2022-10-01 12:09:09', 3, 1);
INSERT INTO `orders` VALUES (613, 5, 1, 8.25, 28.87, 2, '2022-10-01 12:09:09', 2, 1);
INSERT INTO `orders` VALUES (614, 9, 3, 13.9, 34.75, 2, '2022-12-01 12:09:09', 1, 3);
INSERT INTO `orders` VALUES (615, 3, 1, 20.1, 50.25, 2, '2022-10-01 12:09:09', 3, 1);
INSERT INTO `orders` VALUES (616, 1, 2, 15.8, 39.5, 1, '2022-06-01 12:09:09', 3, 1);
INSERT INTO `orders` VALUES (617, 6, 2, 9.4, 32.9, 2, '2022-12-01 12:09:09', 2, 3);
INSERT INTO `orders` VALUES (618, 6, 2, 11.4, 39.9, 2, '2022-02-01 12:09:09', 2, 2);
INSERT INTO `orders` VALUES (619, 3, 2, 2.1, 5.25, 2, '2022-03-01 12:09:09', 1, 3);
INSERT INTO `orders` VALUES (620, 5, 2, 11.6, 40.6, 2, '2022-07-01 12:09:09', 1, 3);
INSERT INTO `orders` VALUES (621, 10, 2, 2.1, 7.35, 1, '2022-08-01 12:09:09', 1, 3);
INSERT INTO `orders` VALUES (622, 6, 3, 2.3, 8.05, 1, '2022-06-01 12:09:09', 3, 3);
INSERT INTO `orders` VALUES (623, 8, 2, 13.15, 46.02, 2, '2022-07-01 12:09:09', 2, 1);
INSERT INTO `orders` VALUES (624, 5, 3, 14.6, 51.1, 1, '2022-10-01 12:09:09', 1, 2);
INSERT INTO `orders` VALUES (625, 5, 2, 9.25, 32.37, 1, '2022-06-01 12:09:09', 3, 3);
INSERT INTO `orders` VALUES (626, 1, 3, 13.6, 34, 2, '2022-10-01 12:09:09', 3, 2);
INSERT INTO `orders` VALUES (627, 9, 1, 11.5, 28.75, 2, '2022-07-01 12:09:09', 3, 1);
INSERT INTO `orders` VALUES (628, 5, 1, 1.9, 6.65, 1, '2022-05-01 12:09:09', 3, 2);
INSERT INTO `orders` VALUES (629, 1, 2, 14.1, 35.25, 1, '2022-09-01 12:09:09', 2, 2);
INSERT INTO `orders` VALUES (630, 3, 2, 27.5, 68.75, 2, '2022-08-01 12:09:09', 3, 2);
INSERT INTO `orders` VALUES (631, 8, 1, 7.1, 24.85, 1, '2022-06-01 12:09:09', 3, 2);
INSERT INTO `orders` VALUES (632, 9, 3, 20.7, 51.75, 1, '2022-10-01 12:09:09', 3, 3);
INSERT INTO `orders` VALUES (633, 9, 3, 29.8, 74.5, 2, '2022-01-01 12:09:09', 3, 1);
INSERT INTO `orders` VALUES (634, 6, 2, 4.75, 16.62, 2, '2022-08-01 12:09:09', 1, 3);
INSERT INTO `orders` VALUES (635, 4, 1, 9.4, 32.9, 1, '2022-12-01 12:09:09', 3, 2);
INSERT INTO `orders` VALUES (636, 4, 1, 0.95, 3.32, 2, '2022-07-01 12:09:09', 1, 3);
INSERT INTO `orders` VALUES (637, 4, 1, 7.55, 26.42, 2, '2022-04-01 12:09:09', 1, 3);
INSERT INTO `orders` VALUES (638, 4, 3, 5.3, 18.55, 2, '2022-06-01 12:09:09', 1, 1);
INSERT INTO `orders` VALUES (639, 6, 3, 5.25, 18.37, 2, '2022-06-01 12:09:09', 1, 1);
INSERT INTO `orders` VALUES (640, 4, 3, 2.2, 7.7, 2, '2022-03-01 12:09:09', 1, 2);
INSERT INTO `orders` VALUES (641, 5, 2, 5.5, 19.25, 2, '2022-11-01 12:09:09', 1, 1);
INSERT INTO `orders` VALUES (642, 6, 1, 2.8, 9.8, 1, '2022-04-01 12:09:09', 1, 2);
INSERT INTO `orders` VALUES (643, 9, 2, 13.4, 33.5, 1, '2022-08-01 12:09:09', 3, 3);
INSERT INTO `orders` VALUES (644, 2, 2, 9.4, 23.5, 2, '2022-09-01 12:09:09', 2, 2);
INSERT INTO `orders` VALUES (645, 2, 1, 25.1, 62.75, 2, '2022-04-01 12:09:09', 2, 2);
INSERT INTO `orders` VALUES (646, 1, 2, 26.7, 66.75, 2, '2022-10-01 12:09:09', 3, 2);
INSERT INTO `orders` VALUES (647, 4, 3, 6.45, 22.57, 1, '2022-08-01 12:09:09', 2, 1);
INSERT INTO `orders` VALUES (648, 7, 3, 25.8, 64.5, 2, '2022-09-01 12:09:09', 3, 1);
INSERT INTO `orders` VALUES (649, 8, 3, 12.85, 44.97, 2, '2022-03-01 12:09:09', 2, 3);
INSERT INTO `orders` VALUES (650, 6, 3, 3.2, 11.2, 1, '2022-07-01 12:09:09', 1, 1);
INSERT INTO `orders` VALUES (651, 3, 2, 1.3, 3.25, 2, '2022-07-01 12:09:09', 1, 2);
INSERT INTO `orders` VALUES (652, 9, 2, 3.6, 9, 2, '2022-11-01 12:09:09', 3, 2);
INSERT INTO `orders` VALUES (653, 9, 3, 17.2, 43, 1, '2022-12-01 12:09:09', 1, 2);
INSERT INTO `orders` VALUES (654, 7, 2, 26.3, 65.75, 2, '2022-07-01 12:09:09', 2, 2);
INSERT INTO `orders` VALUES (655, 10, 2, 4.65, 16.27, 1, '2022-12-01 12:09:09', 2, 3);
INSERT INTO `orders` VALUES (656, 7, 3, 30.7, 76.75, 1, '2022-04-01 12:09:09', 3, 1);
INSERT INTO `orders` VALUES (657, 5, 1, 3.8, 13.3, 1, '2022-12-01 12:09:09', 1, 1);
INSERT INTO `orders` VALUES (658, 3, 2, 14.6, 36.5, 1, '2022-09-01 12:09:09', 2, 1);
INSERT INTO `orders` VALUES (659, 2, 1, 20.6, 51.5, 1, '2022-03-01 12:09:09', 1, 1);
INSERT INTO `orders` VALUES (660, 1, 2, 6.2, 15.5, 1, '2022-01-01 12:09:09', 3, 3);
INSERT INTO `orders` VALUES (661, 10, 2, 8.7, 30.45, 2, '2022-09-01 12:09:09', 1, 1);
INSERT INTO `orders` VALUES (662, 5, 2, 13.65, 47.77, 1, '2022-09-01 12:09:09', 3, 2);
INSERT INTO `orders` VALUES (663, 9, 3, 29, 72.5, 2, '2022-07-01 12:09:09', 1, 3);
INSERT INTO `orders` VALUES (664, 7, 2, 6.9, 17.25, 2, '2022-11-01 12:09:09', 3, 1);
INSERT INTO `orders` VALUES (665, 3, 2, 11.4, 28.5, 1, '2022-12-01 12:09:09', 1, 3);
INSERT INTO `orders` VALUES (666, 5, 1, 12.95, 45.32, 1, '2022-07-01 12:09:09', 2, 3);
INSERT INTO `orders` VALUES (667, 9, 2, 16.1, 40.25, 2, '2022-12-01 12:09:09', 3, 2);
INSERT INTO `orders` VALUES (668, 10, 2, 8.7, 30.45, 1, '2022-08-01 12:09:09', 3, 3);
INSERT INTO `orders` VALUES (669, 5, 1, 5.25, 18.37, 2, '2022-08-01 12:09:09', 2, 1);
INSERT INTO `orders` VALUES (670, 3, 2, 28.5, 71.25, 2, '2022-03-01 12:09:09', 1, 1);
INSERT INTO `orders` VALUES (671, 8, 2, 15.35, 53.72, 1, '2022-03-01 12:09:09', 2, 3);
INSERT INTO `orders` VALUES (672, 5, 2, 0.9, 3.15, 2, '2022-06-01 12:09:09', 2, 1);
INSERT INTO `orders` VALUES (673, 8, 2, 10.2, 35.7, 2, '2022-12-01 12:09:09', 3, 3);
INSERT INTO `orders` VALUES (674, 10, 2, 4.1, 14.35, 1, '2022-06-01 12:09:09', 2, 1);
INSERT INTO `orders` VALUES (675, 3, 1, 18, 45, 2, '2022-07-01 12:09:09', 3, 2);
INSERT INTO `orders` VALUES (676, 7, 1, 29.6, 74, 2, '2022-05-01 12:09:09', 3, 2);
INSERT INTO `orders` VALUES (677, 3, 3, 23.7, 59.25, 1, '2022-05-01 12:09:09', 3, 1);
INSERT INTO `orders` VALUES (678, 10, 1, 0.6, 2.1, 2, '2022-05-01 12:09:09', 1, 3);
INSERT INTO `orders` VALUES (679, 1, 3, 25.9, 64.75, 2, '2022-09-01 12:09:09', 1, 2);
INSERT INTO `orders` VALUES (680, 6, 3, 9.8, 34.3, 1, '2022-05-01 12:09:09', 3, 1);
INSERT INTO `orders` VALUES (681, 3, 2, 29.2, 73, 1, '2022-07-01 12:09:09', 2, 1);
INSERT INTO `orders` VALUES (682, 2, 3, 21.1, 52.75, 1, '2022-02-01 12:09:09', 1, 2);
INSERT INTO `orders` VALUES (683, 5, 1, 2.75, 9.62, 1, '2022-12-01 12:09:09', 1, 3);
INSERT INTO `orders` VALUES (684, 5, 2, 14.55, 50.92, 1, '2022-04-01 12:09:09', 3, 3);
INSERT INTO `orders` VALUES (685, 2, 2, 22.3, 55.75, 1, '2022-01-01 12:09:09', 2, 2);
INSERT INTO `orders` VALUES (686, 6, 2, 8.45, 29.57, 1, '2022-10-01 12:09:09', 2, 1);
INSERT INTO `orders` VALUES (687, 8, 2, 5.9, 20.65, 2, '2022-03-01 12:09:09', 2, 1);
INSERT INTO `orders` VALUES (688, 1, 1, 29.8, 74.5, 1, '2022-10-01 12:09:09', 3, 1);
INSERT INTO `orders` VALUES (689, 1, 1, 5.2, 13, 1, '2022-10-01 12:09:09', 3, 2);
INSERT INTO `orders` VALUES (690, 7, 3, 15.3, 38.25, 2, '2022-05-01 12:09:09', 1, 3);
INSERT INTO `orders` VALUES (691, 9, 2, 5.6, 14, 2, '2022-10-01 12:09:09', 1, 1);
INSERT INTO `orders` VALUES (692, 7, 1, 18.3, 45.75, 2, '2022-03-01 12:09:09', 1, 2);
INSERT INTO `orders` VALUES (693, 2, 1, 10.7, 26.75, 1, '2022-09-01 12:09:09', 3, 3);
INSERT INTO `orders` VALUES (694, 6, 3, 14.75, 51.62, 1, '2022-06-01 12:09:09', 3, 3);
INSERT INTO `orders` VALUES (695, 6, 3, 5.35, 18.72, 1, '2022-03-01 12:09:09', 2, 1);
INSERT INTO `orders` VALUES (696, 5, 3, 6.35, 22.22, 2, '2022-04-01 12:09:09', 1, 1);
INSERT INTO `orders` VALUES (697, 5, 2, 3.1, 10.85, 1, '2022-04-01 12:09:09', 3, 2);
INSERT INTO `orders` VALUES (698, 2, 1, 20.4, 51, 2, '2022-07-01 12:09:09', 1, 3);
INSERT INTO `orders` VALUES (699, 8, 1, 4.1, 14.35, 2, '2022-02-01 12:09:09', 3, 3);
INSERT INTO `orders` VALUES (700, 8, 2, 12.05, 42.17, 1, '2022-06-01 12:09:09', 1, 3);
INSERT INTO `orders` VALUES (701, 6, 1, 11.95, 41.82, 1, '2022-02-01 12:09:09', 1, 3);
INSERT INTO `orders` VALUES (702, 5, 1, 13.05, 45.67, 2, '2022-10-01 12:09:09', 3, 1);
INSERT INTO `orders` VALUES (703, 5, 2, 7.9, 27.65, 2, '2022-01-01 12:09:09', 1, 2);
INSERT INTO `orders` VALUES (704, 9, 3, 9.4, 23.5, 2, '2022-09-01 12:09:09', 3, 2);
INSERT INTO `orders` VALUES (705, 4, 1, 9.2, 32.2, 2, '2022-06-01 12:09:09', 3, 3);
INSERT INTO `orders` VALUES (706, 6, 1, 6.85, 23.97, 2, '2022-06-01 12:09:09', 2, 2);
INSERT INTO `orders` VALUES (707, 6, 2, 8.65, 30.27, 1, '2022-06-01 12:09:09', 2, 3);
INSERT INTO `orders` VALUES (708, 3, 3, 2.4, 6, 2, '2022-11-01 12:09:09', 2, 2);
INSERT INTO `orders` VALUES (709, 2, 1, 28.5, 71.25, 1, '2022-07-01 12:09:09', 3, 1);
INSERT INTO `orders` VALUES (710, 1, 3, 10.5, 26.25, 2, '2022-12-01 12:09:09', 2, 2);
INSERT INTO `orders` VALUES (711, 1, 2, 25.2, 63, 1, '2022-08-01 12:09:09', 3, 1);
INSERT INTO `orders` VALUES (712, 9, 2, 30.8, 77, 2, '2022-12-01 12:09:09', 2, 2);
INSERT INTO `orders` VALUES (713, 7, 3, 25.8, 64.5, 2, '2022-10-01 12:09:09', 3, 3);
INSERT INTO `orders` VALUES (714, 5, 3, 9.35, 32.72, 1, '2022-07-01 12:09:09', 3, 2);
INSERT INTO `orders` VALUES (715, 7, 3, 4.2, 10.5, 1, '2022-04-01 12:09:09', 2, 1);
INSERT INTO `orders` VALUES (716, 2, 2, 27.4, 68.5, 1, '2022-02-01 12:09:09', 1, 1);
INSERT INTO `orders` VALUES (717, 8, 2, 7.7, 26.95, 2, '2022-12-01 12:09:09', 2, 2);
INSERT INTO `orders` VALUES (718, 10, 3, 6.55, 22.92, 2, '2022-09-01 12:09:09', 2, 2);
INSERT INTO `orders` VALUES (719, 9, 1, 30.5, 76.25, 1, '2022-01-01 12:09:09', 1, 2);
INSERT INTO `orders` VALUES (720, 8, 1, 1.25, 4.37, 1, '2022-11-01 12:09:09', 2, 1);
INSERT INTO `orders` VALUES (721, 1, 1, 16.2, 40.5, 1, '2022-07-01 12:09:09', 3, 3);
INSERT INTO `orders` VALUES (722, 6, 2, 13.6, 47.6, 2, '2022-07-01 12:09:09', 1, 3);
INSERT INTO `orders` VALUES (723, 6, 3, 10.5, 36.75, 1, '2022-07-01 12:09:09', 2, 2);
INSERT INTO `orders` VALUES (724, 9, 1, 25.3, 63.25, 2, '2022-04-01 12:09:09', 3, 3);
INSERT INTO `orders` VALUES (725, 8, 1, 4.3, 15.05, 1, '2022-12-01 12:09:09', 2, 2);
INSERT INTO `orders` VALUES (726, 9, 2, 25.2, 63, 2, '2022-03-01 12:09:09', 1, 2);
INSERT INTO `orders` VALUES (727, 4, 1, 1.45, 5.07, 1, '2022-11-01 12:09:09', 3, 1);
INSERT INTO `orders` VALUES (728, 4, 2, 11.95, 41.82, 2, '2022-05-01 12:09:09', 1, 1);
INSERT INTO `orders` VALUES (729, 1, 1, 16.8, 42, 1, '2022-03-01 12:09:09', 2, 2);
INSERT INTO `orders` VALUES (730, 3, 2, 19.5, 48.75, 2, '2022-07-01 12:09:09', 3, 2);
INSERT INTO `orders` VALUES (731, 8, 3, 3.55, 12.42, 2, '2022-03-01 12:09:09', 3, 1);
INSERT INTO `orders` VALUES (732, 1, 2, 1.3, 3.25, 1, '2022-09-01 12:09:09', 3, 3);
INSERT INTO `orders` VALUES (733, 4, 2, 10.55, 36.92, 1, '2022-04-01 12:09:09', 1, 2);
INSERT INTO `orders` VALUES (734, 5, 3, 7.05, 24.67, 2, '2022-01-01 12:09:09', 2, 1);
INSERT INTO `orders` VALUES (735, 1, 3, 9, 22.5, 1, '2022-04-01 12:09:09', 1, 2);
INSERT INTO `orders` VALUES (736, 2, 1, 3.4, 8.5, 2, '2022-06-01 12:09:09', 3, 2);
INSERT INTO `orders` VALUES (737, 7, 1, 6.5, 16.25, 1, '2022-10-01 12:09:09', 1, 2);
INSERT INTO `orders` VALUES (738, 10, 3, 10.25, 35.87, 1, '2022-03-01 12:09:09', 1, 2);
INSERT INTO `orders` VALUES (739, 6, 1, 10.1, 35.35, 1, '2022-06-01 12:09:09', 3, 2);
INSERT INTO `orders` VALUES (740, 1, 1, 22, 55, 1, '2022-04-01 12:09:09', 3, 1);
INSERT INTO `orders` VALUES (741, 9, 3, 3.8, 9.5, 2, '2022-01-01 12:09:09', 1, 2);
INSERT INTO `orders` VALUES (742, 10, 3, 7.9, 27.65, 1, '2022-07-01 12:09:09', 2, 1);
INSERT INTO `orders` VALUES (743, 5, 2, 4.25, 14.87, 1, '2022-09-01 12:09:09', 2, 3);
INSERT INTO `orders` VALUES (744, 5, 1, 1.2, 4.2, 1, '2022-02-01 12:09:09', 2, 1);
INSERT INTO `orders` VALUES (745, 3, 2, 4.4, 11, 1, '2022-06-01 12:09:09', 1, 3);
INSERT INTO `orders` VALUES (746, 3, 3, 14.1, 35.25, 2, '2022-04-01 12:09:09', 3, 1);
INSERT INTO `orders` VALUES (747, 4, 1, 7.1, 24.85, 2, '2022-05-01 12:09:09', 2, 2);
INSERT INTO `orders` VALUES (748, 4, 1, 2.3, 8.05, 1, '2022-02-01 12:09:09', 2, 2);
INSERT INTO `orders` VALUES (749, 5, 3, 13.85, 48.47, 1, '2022-07-01 12:09:09', 3, 3);
INSERT INTO `orders` VALUES (750, 5, 2, 0.6, 2.1, 1, '2022-12-01 12:09:09', 1, 3);
INSERT INTO `orders` VALUES (751, 4, 1, 6.2, 21.7, 1, '2022-12-01 12:09:09', 2, 3);
INSERT INTO `orders` VALUES (752, 7, 3, 8, 20, 1, '2022-01-01 12:09:09', 3, 3);
INSERT INTO `orders` VALUES (753, 9, 1, 8.2, 20.5, 1, '2022-12-01 12:09:09', 2, 1);
INSERT INTO `orders` VALUES (754, 10, 3, 13.25, 46.37, 2, '2022-02-01 12:09:09', 2, 1);
INSERT INTO `orders` VALUES (755, 7, 3, 9.8, 24.5, 2, '2022-07-01 12:09:09', 2, 2);
INSERT INTO `orders` VALUES (756, 8, 2, 7.25, 25.37, 2, '2022-12-01 12:09:09', 2, 2);
INSERT INTO `orders` VALUES (757, 10, 3, 15.3, 53.55, 1, '2022-08-01 12:09:09', 1, 3);
INSERT INTO `orders` VALUES (758, 6, 2, 8.15, 28.52, 1, '2022-09-01 12:09:09', 2, 1);
INSERT INTO `orders` VALUES (759, 2, 3, 12.9, 32.25, 2, '2022-01-01 12:09:09', 1, 1);
INSERT INTO `orders` VALUES (760, 5, 2, 8.8, 30.8, 1, '2022-08-01 12:09:09', 3, 3);
INSERT INTO `orders` VALUES (761, 8, 2, 10.4, 36.4, 2, '2022-05-01 12:09:09', 1, 2);
INSERT INTO `orders` VALUES (762, 6, 3, 4.2, 14.7, 1, '2022-11-01 12:09:09', 3, 2);
INSERT INTO `orders` VALUES (763, 4, 1, 3.6, 12.6, 1, '2022-04-01 12:09:09', 2, 3);
INSERT INTO `orders` VALUES (764, 2, 2, 20, 50, 2, '2022-05-01 12:09:09', 3, 2);
INSERT INTO `orders` VALUES (765, 9, 1, 22.8, 57, 1, '2022-01-01 12:09:09', 3, 3);
INSERT INTO `orders` VALUES (766, 10, 1, 5.9, 20.65, 1, '2022-08-01 12:09:09', 3, 1);
INSERT INTO `orders` VALUES (767, 2, 3, 30.7, 76.75, 2, '2022-01-01 12:09:09', 2, 2);
INSERT INTO `orders` VALUES (768, 1, 1, 5.2, 13, 2, '2022-10-01 12:09:09', 2, 1);
INSERT INTO `orders` VALUES (769, 9, 1, 11.1, 27.75, 2, '2022-01-01 12:09:09', 2, 2);
INSERT INTO `orders` VALUES (770, 10, 1, 9.55, 33.42, 2, '2022-06-01 12:09:09', 1, 3);
INSERT INTO `orders` VALUES (771, 8, 3, 5.35, 18.72, 1, '2022-05-01 12:09:09', 2, 2);
INSERT INTO `orders` VALUES (772, 8, 2, 0.8, 2.8, 1, '2022-03-01 12:09:09', 1, 2);
INSERT INTO `orders` VALUES (773, 8, 2, 15.25, 53.37, 2, '2022-11-01 12:09:09', 1, 3);
INSERT INTO `orders` VALUES (774, 5, 3, 13.8, 48.3, 1, '2022-04-01 12:09:09', 3, 3);
INSERT INTO `orders` VALUES (775, 2, 2, 9.8, 24.5, 2, '2022-04-01 12:09:09', 3, 2);
INSERT INTO `orders` VALUES (776, 10, 3, 7.5, 26.25, 1, '2022-04-01 12:09:09', 3, 3);
INSERT INTO `orders` VALUES (777, 1, 2, 0.9, 2.25, 1, '2022-09-01 12:09:09', 3, 2);
INSERT INTO `orders` VALUES (778, 4, 2, 10.4, 36.4, 1, '2022-06-01 12:09:09', 1, 3);
INSERT INTO `orders` VALUES (779, 6, 1, 4.9, 17.15, 1, '2022-08-01 12:09:09', 1, 3);
INSERT INTO `orders` VALUES (780, 8, 2, 8, 28, 1, '2022-01-01 12:09:09', 2, 3);
INSERT INTO `orders` VALUES (781, 2, 2, 15.4, 38.5, 2, '2022-01-01 12:09:09', 2, 3);
INSERT INTO `orders` VALUES (782, 8, 2, 1.7, 5.95, 2, '2022-07-01 12:09:09', 3, 3);
INSERT INTO `orders` VALUES (783, 1, 1, 28.1, 70.25, 1, '2022-12-01 12:09:09', 1, 3);
INSERT INTO `orders` VALUES (784, 1, 3, 13.9, 34.75, 2, '2022-05-01 12:09:09', 1, 3);
INSERT INTO `orders` VALUES (785, 3, 3, 2, 5, 1, '2022-07-01 12:09:09', 3, 2);
INSERT INTO `orders` VALUES (786, 5, 3, 6.2, 21.7, 2, '2022-02-01 12:09:09', 1, 2);
INSERT INTO `orders` VALUES (787, 10, 1, 2.55, 8.92, 2, '2022-01-01 12:09:09', 3, 2);
INSERT INTO `orders` VALUES (788, 10, 1, 2.35, 8.22, 1, '2022-04-01 12:09:09', 2, 2);
INSERT INTO `orders` VALUES (789, 2, 2, 25.8, 64.5, 2, '2022-08-01 12:09:09', 2, 1);
INSERT INTO `orders` VALUES (790, 1, 2, 24.2, 60.5, 1, '2022-10-01 12:09:09', 1, 1);
INSERT INTO `orders` VALUES (791, 4, 2, 9.7, 33.95, 2, '2022-06-01 12:09:09', 2, 1);
INSERT INTO `orders` VALUES (792, 1, 3, 11, 27.5, 2, '2022-02-01 12:09:09', 3, 3);
INSERT INTO `orders` VALUES (793, 4, 1, 13.95, 48.82, 1, '2022-05-01 12:09:09', 2, 1);
INSERT INTO `orders` VALUES (794, 5, 1, 7, 24.5, 1, '2022-07-01 12:09:09', 3, 2);
INSERT INTO `orders` VALUES (795, 8, 1, 1.45, 5.07, 2, '2022-07-01 12:09:09', 1, 3);
INSERT INTO `orders` VALUES (796, 8, 3, 3.55, 12.42, 2, '2022-12-01 12:09:09', 2, 1);
INSERT INTO `orders` VALUES (797, 2, 1, 11.5, 28.75, 1, '2022-12-01 12:09:09', 1, 3);
INSERT INTO `orders` VALUES (798, 9, 1, 29, 72.5, 2, '2022-09-01 12:09:09', 2, 2);
INSERT INTO `orders` VALUES (799, 10, 2, 10.75, 37.62, 1, '2022-06-01 12:09:09', 3, 3);
INSERT INTO `orders` VALUES (800, 3, 2, 6.3, 15.75, 2, '2022-01-01 12:09:09', 2, 3);
INSERT INTO `orders` VALUES (801, 5, 3, 10.45, 36.57, 1, '2022-05-01 12:09:09', 2, 3);
INSERT INTO `orders` VALUES (802, 2, 1, 9.2, 23, 2, '2022-04-01 12:09:09', 3, 3);
INSERT INTO `orders` VALUES (803, 5, 1, 6.95, 24.32, 1, '2022-11-01 12:09:09', 2, 3);
INSERT INTO `orders` VALUES (804, 3, 2, 26.7, 66.75, 2, '2022-12-01 12:09:09', 1, 1);
INSERT INTO `orders` VALUES (805, 10, 1, 8.8, 30.8, 2, '2022-08-01 12:09:09', 1, 1);
INSERT INTO `orders` VALUES (806, 4, 1, 6.9, 24.15, 2, '2022-02-01 12:09:09', 2, 2);
INSERT INTO `orders` VALUES (807, 9, 3, 29.2, 73, 2, '2022-01-01 12:09:09', 1, 2);
INSERT INTO `orders` VALUES (808, 2, 3, 12.5, 31.25, 1, '2022-11-01 12:09:09', 1, 2);
INSERT INTO `orders` VALUES (809, 5, 1, 1, 3.5, 1, '2022-08-01 12:09:09', 3, 3);
INSERT INTO `orders` VALUES (810, 10, 2, 4.5, 15.75, 2, '2022-02-01 12:09:09', 3, 2);
INSERT INTO `orders` VALUES (811, 4, 2, 1.5, 5.25, 1, '2022-05-01 12:09:09', 2, 2);
INSERT INTO `orders` VALUES (812, 5, 2, 4.6, 16.1, 1, '2022-11-01 12:09:09', 2, 2);
INSERT INTO `orders` VALUES (813, 3, 1, 2.9, 7.25, 1, '2022-11-01 12:09:09', 3, 1);
INSERT INTO `orders` VALUES (814, 4, 3, 15.25, 53.37, 1, '2022-02-01 12:09:09', 3, 3);
INSERT INTO `orders` VALUES (815, 5, 1, 13.3, 46.55, 2, '2022-03-01 12:09:09', 1, 3);
INSERT INTO `orders` VALUES (816, 6, 1, 10.6, 37.1, 2, '2022-01-01 12:09:09', 3, 1);
INSERT INTO `orders` VALUES (817, 7, 3, 28.6, 71.5, 1, '2022-12-01 12:09:09', 3, 3);
INSERT INTO `orders` VALUES (818, 2, 1, 7, 17.5, 2, '2022-02-01 12:09:09', 2, 2);
INSERT INTO `orders` VALUES (819, 7, 2, 23.9, 59.75, 2, '2022-03-01 12:09:09', 1, 2);
INSERT INTO `orders` VALUES (820, 1, 2, 23.7, 59.25, 2, '2022-08-01 12:09:09', 2, 1);
INSERT INTO `orders` VALUES (821, 9, 3, 26, 65, 1, '2022-12-01 12:09:09', 2, 2);
INSERT INTO `orders` VALUES (822, 8, 3, 10.55, 36.92, 1, '2022-11-01 12:09:09', 3, 1);
INSERT INTO `orders` VALUES (823, 6, 1, 15.05, 52.67, 1, '2022-10-01 12:09:09', 2, 3);
INSERT INTO `orders` VALUES (824, 2, 2, 2, 5, 2, '2022-03-01 12:09:09', 2, 3);
INSERT INTO `orders` VALUES (825, 4, 1, 1, 3.5, 1, '2022-05-01 12:09:09', 3, 2);
INSERT INTO `orders` VALUES (826, 8, 3, 7.1, 24.85, 1, '2022-08-01 12:09:09', 2, 3);
INSERT INTO `orders` VALUES (827, 8, 3, 3.85, 13.47, 1, '2022-03-01 12:09:09', 3, 2);
INSERT INTO `orders` VALUES (828, 6, 3, 12.4, 43.4, 1, '2022-12-01 12:09:09', 3, 2);
INSERT INTO `orders` VALUES (829, 7, 2, 13.4, 33.5, 2, '2022-01-01 12:09:09', 1, 1);
INSERT INTO `orders` VALUES (830, 3, 1, 17.2, 43, 1, '2022-03-01 12:09:09', 1, 3);
INSERT INTO `orders` VALUES (831, 10, 3, 14.7, 51.45, 2, '2022-02-01 12:09:09', 1, 2);
INSERT INTO `orders` VALUES (832, 8, 2, 13, 45.5, 1, '2022-02-01 12:09:09', 3, 1);
INSERT INTO `orders` VALUES (833, 7, 2, 18.3, 45.75, 1, '2022-10-01 12:09:09', 2, 1);
INSERT INTO `orders` VALUES (834, 8, 3, 0.35, 1.22, 1, '2022-06-01 12:09:09', 1, 3);
INSERT INTO `orders` VALUES (835, 6, 1, 7.75, 27.12, 1, '2022-03-01 12:09:09', 1, 2);
INSERT INTO `orders` VALUES (836, 6, 2, 5.95, 20.82, 1, '2022-07-01 12:09:09', 3, 2);
INSERT INTO `orders` VALUES (837, 1, 3, 6.5, 16.25, 2, '2022-03-01 12:09:09', 1, 3);
INSERT INTO `orders` VALUES (838, 8, 3, 9.6, 33.6, 1, '2022-03-01 12:09:09', 3, 3);
INSERT INTO `orders` VALUES (839, 6, 1, 9, 31.5, 2, '2022-05-01 12:09:09', 2, 1);
INSERT INTO `orders` VALUES (840, 9, 2, 20.2, 50.5, 2, '2022-11-01 12:09:09', 3, 3);
INSERT INTO `orders` VALUES (841, 7, 3, 27.4, 68.5, 2, '2022-08-01 12:09:09', 1, 2);
INSERT INTO `orders` VALUES (842, 9, 3, 17, 42.5, 1, '2022-09-01 12:09:09', 3, 2);
INSERT INTO `orders` VALUES (843, 2, 1, 17.1, 42.75, 2, '2022-09-01 12:09:09', 1, 2);
INSERT INTO `orders` VALUES (844, 1, 1, 12, 30, 2, '2022-03-01 12:09:09', 3, 1);
INSERT INTO `orders` VALUES (845, 9, 1, 18.6, 46.5, 2, '2022-11-01 12:09:09', 2, 2);
INSERT INTO `orders` VALUES (846, 6, 3, 10.7, 37.45, 1, '2022-06-01 12:09:09', 3, 3);
INSERT INTO `orders` VALUES (847, 3, 3, 9.5, 23.75, 2, '2022-03-01 12:09:09', 3, 2);
INSERT INTO `orders` VALUES (848, 2, 2, 10.3, 25.75, 2, '2022-11-01 12:09:09', 3, 1);
INSERT INTO `orders` VALUES (849, 10, 1, 7, 24.5, 2, '2022-01-01 12:09:09', 1, 2);
INSERT INTO `orders` VALUES (850, 7, 1, 29.9, 74.75, 2, '2022-05-01 12:09:09', 3, 3);
INSERT INTO `orders` VALUES (851, 2, 3, 22.6, 56.5, 1, '2022-10-25 23:09:09', 2, 3);
INSERT INTO `orders` VALUES (852, 4, 1, 14.35, 50.22, 1, '2022-10-30 10:09:09', 1, 3);
INSERT INTO `orders` VALUES (853, 1, 1, 28.8, 72, 2, '2022-10-27 19:09:09', 3, 2);
INSERT INTO `orders` VALUES (854, 1, 1, 3.1, 7.75, 1, '2022-10-30 09:09:09', 1, 2);
INSERT INTO `orders` VALUES (855, 9, 2, 5.8, 14.5, 1, '2022-10-25 14:09:09', 2, 2);
INSERT INTO `orders` VALUES (856, 7, 1, 6.4, 16, 2, '2022-10-24 06:09:09', 2, 1);
INSERT INTO `orders` VALUES (857, 3, 1, 25.4, 63.5, 2, '2022-10-28 01:09:09', 2, 3);
INSERT INTO `orders` VALUES (858, 4, 2, 8.9, 31.15, 1, '2022-10-24 11:09:09', 3, 3);
INSERT INTO `orders` VALUES (859, 10, 3, 10.95, 38.32, 1, '2022-10-25 01:09:09', 3, 3);
INSERT INTO `orders` VALUES (860, 9, 3, 30.9, 77.25, 2, '2022-10-29 15:09:09', 2, 1);
INSERT INTO `orders` VALUES (861, 8, 2, 4.3, 15.05, 1, '2022-10-28 16:09:09', 1, 1);
INSERT INTO `orders` VALUES (862, 1, 3, 26, 65, 1, '2022-10-25 19:09:09', 3, 2);
INSERT INTO `orders` VALUES (863, 4, 1, 2.25, 7.87, 1, '2022-10-29 12:09:09', 3, 3);
INSERT INTO `orders` VALUES (864, 8, 3, 11.4, 39.9, 2, '2022-10-30 21:09:09', 2, 1);
INSERT INTO `orders` VALUES (865, 3, 2, 11, 27.5, 1, '2022-10-30 20:09:09', 1, 3);
INSERT INTO `orders` VALUES (866, 7, 3, 30.6, 76.5, 1, '2022-10-24 16:09:09', 2, 3);
INSERT INTO `orders` VALUES (867, 8, 2, 11.8, 41.3, 2, '2022-10-28 16:09:09', 2, 3);
INSERT INTO `orders` VALUES (868, 8, 3, 14.35, 50.22, 1, '2022-10-26 07:09:09', 1, 1);
INSERT INTO `orders` VALUES (869, 6, 2, 10.35, 36.22, 1, '2022-10-24 10:09:09', 1, 3);
INSERT INTO `orders` VALUES (870, 8, 3, 10, 35, 2, '2022-10-27 15:09:09', 1, 2);
INSERT INTO `orders` VALUES (871, 2, 1, 19.7, 49.25, 1, '2022-10-30 15:09:09', 2, 1);
INSERT INTO `orders` VALUES (872, 9, 2, 13, 32.5, 2, '2022-10-26 03:09:09', 3, 1);
INSERT INTO `orders` VALUES (873, 10, 3, 0.35, 1.22, 1, '2022-10-24 18:09:09', 1, 3);
INSERT INTO `orders` VALUES (874, 5, 1, 5.85, 20.47, 1, '2022-10-26 02:09:09', 3, 1);
INSERT INTO `orders` VALUES (875, 6, 3, 11.6, 40.6, 2, '2022-10-29 00:09:09', 3, 1);
INSERT INTO `orders` VALUES (876, 1, 2, 28.2, 70.5, 1, '2022-10-29 02:09:09', 2, 3);
INSERT INTO `orders` VALUES (877, 6, 2, 10.1, 35.35, 2, '2022-10-27 21:09:09', 2, 2);
INSERT INTO `orders` VALUES (878, 8, 2, 2.75, 9.62, 2, '2022-10-26 02:09:09', 1, 3);
INSERT INTO `orders` VALUES (879, 8, 1, 8.45, 29.57, 2, '2022-10-26 06:09:09', 1, 1);
INSERT INTO `orders` VALUES (880, 2, 3, 10, 25, 2, '2022-10-29 16:09:09', 2, 1);
INSERT INTO `orders` VALUES (881, 3, 2, 7.3, 18.25, 2, '2022-10-30 18:09:09', 1, 2);
INSERT INTO `orders` VALUES (882, 7, 1, 14.9, 37.25, 1, '2022-10-30 09:09:09', 3, 1);
INSERT INTO `orders` VALUES (883, 1, 1, 30.9, 77.25, 1, '2022-10-30 02:09:09', 1, 3);
INSERT INTO `orders` VALUES (884, 2, 2, 1.7, 4.25, 2, '2022-10-28 06:09:09', 1, 1);
INSERT INTO `orders` VALUES (885, 4, 3, 1.45, 5.07, 1, '2022-10-28 02:09:09', 3, 2);
INSERT INTO `orders` VALUES (886, 2, 3, 4.8, 12, 1, '2022-10-30 00:09:09', 3, 2);
INSERT INTO `orders` VALUES (887, 6, 1, 7.95, 27.82, 2, '2022-10-30 14:09:09', 1, 3);
INSERT INTO `orders` VALUES (888, 3, 2, 22.4, 56, 1, '2022-10-28 13:09:09', 1, 1);
INSERT INTO `orders` VALUES (889, 1, 3, 12.7, 31.75, 2, '2022-10-29 17:09:09', 1, 3);
INSERT INTO `orders` VALUES (890, 5, 2, 6.8, 23.8, 1, '2022-10-27 02:09:09', 2, 3);
INSERT INTO `orders` VALUES (891, 8, 3, 0.25, 0.87, 2, '2022-10-29 19:09:09', 1, 2);
INSERT INTO `orders` VALUES (892, 1, 3, 9.6, 24, 1, '2022-10-25 05:09:09', 1, 1);
INSERT INTO `orders` VALUES (893, 9, 2, 9.3, 23.25, 1, '2022-10-28 03:09:09', 2, 2);
INSERT INTO `orders` VALUES (894, 8, 1, 12.8, 44.8, 2, '2022-10-24 09:09:09', 3, 1);
INSERT INTO `orders` VALUES (895, 10, 3, 7.15, 25.02, 1, '2022-10-26 15:09:09', 2, 3);
INSERT INTO `orders` VALUES (896, 4, 3, 5.55, 19.42, 1, '2022-10-24 08:09:09', 3, 3);
INSERT INTO `orders` VALUES (897, 8, 3, 2.5, 8.75, 2, '2022-10-26 17:09:09', 3, 3);
INSERT INTO `orders` VALUES (898, 7, 3, 29.3, 73.25, 2, '2022-10-27 17:09:09', 3, 1);
INSERT INTO `orders` VALUES (899, 4, 2, 6.65, 23.27, 1, '2022-10-26 07:09:09', 2, 3);
INSERT INTO `orders` VALUES (900, 9, 3, 8.6, 21.5, 2, '2022-10-28 08:09:09', 3, 2);
INSERT INTO `orders` VALUES (901, 2, 2, 3.7, 9.25, 2, '2022-10-30 22:09:09', 3, 2);
INSERT INTO `orders` VALUES (902, 9, 3, 7.2, 18, 2, '2022-10-30 13:09:09', 1, 2);
INSERT INTO `orders` VALUES (903, 8, 1, 11.2, 39.2, 1, '2022-10-28 17:09:09', 1, 3);
INSERT INTO `orders` VALUES (904, 2, 2, 14, 35, 1, '2022-10-28 17:09:09', 3, 1);
INSERT INTO `orders` VALUES (905, 7, 3, 11.3, 28.25, 1, '2022-10-25 18:09:09', 2, 1);
INSERT INTO `orders` VALUES (906, 6, 2, 9.3, 32.55, 2, '2022-10-26 14:09:09', 1, 2);
INSERT INTO `orders` VALUES (907, 3, 2, 20.9, 52.25, 1, '2022-10-30 03:09:09', 2, 1);
INSERT INTO `orders` VALUES (908, 3, 2, 17.7, 44.25, 2, '2022-10-28 18:09:09', 2, 3);
INSERT INTO `orders` VALUES (909, 1, 2, 7.9, 19.75, 2, '2022-10-29 12:09:09', 2, 1);
INSERT INTO `orders` VALUES (910, 8, 2, 8.9, 31.15, 1, '2022-10-25 12:09:09', 2, 2);
INSERT INTO `orders` VALUES (911, 4, 1, 6.55, 22.92, 1, '2022-10-24 23:09:09', 3, 2);
INSERT INTO `orders` VALUES (912, 4, 3, 6.45, 22.57, 2, '2022-10-25 23:09:09', 3, 3);
INSERT INTO `orders` VALUES (913, 5, 3, 2.95, 10.32, 2, '2022-10-29 00:09:09', 2, 2);
INSERT INTO `orders` VALUES (914, 6, 3, 12.2, 42.7, 1, '2022-10-30 20:09:09', 2, 1);
INSERT INTO `orders` VALUES (915, 4, 1, 9.95, 34.82, 1, '2022-10-24 23:09:09', 2, 3);
INSERT INTO `orders` VALUES (916, 10, 3, 8.95, 31.32, 2, '2022-10-28 07:09:09', 3, 3);
INSERT INTO `orders` VALUES (917, 6, 1, 3.65, 12.77, 2, '2022-10-30 14:09:09', 1, 1);
INSERT INTO `orders` VALUES (918, 10, 2, 12.65, 44.27, 2, '2022-10-26 00:09:09', 1, 2);
INSERT INTO `orders` VALUES (919, 3, 1, 4.4, 11, 2, '2022-10-24 11:09:09', 1, 1);
INSERT INTO `orders` VALUES (920, 8, 1, 3.15, 11.02, 1, '2022-10-25 06:09:09', 3, 2);
INSERT INTO `orders` VALUES (921, 1, 1, 18.9, 47.25, 2, '2022-10-24 23:09:09', 3, 2);
INSERT INTO `orders` VALUES (922, 2, 2, 27, 67.5, 2, '2022-10-29 22:09:09', 3, 3);
INSERT INTO `orders` VALUES (923, 9, 2, 28.9, 72.25, 1, '2022-10-25 05:09:09', 2, 3);
INSERT INTO `orders` VALUES (924, 9, 2, 13.6, 34, 1, '2022-10-29 16:09:09', 1, 1);
INSERT INTO `orders` VALUES (925, 6, 3, 13.7, 47.95, 1, '2022-10-29 23:09:09', 3, 2);
INSERT INTO `orders` VALUES (926, 4, 1, 6.75, 23.62, 2, '2022-10-30 07:09:09', 3, 3);
INSERT INTO `orders` VALUES (927, 8, 1, 1.2, 4.2, 1, '2022-10-28 17:09:09', 1, 3);
INSERT INTO `orders` VALUES (928, 8, 2, 9.05, 31.67, 2, '2022-10-27 01:09:09', 2, 1);
INSERT INTO `orders` VALUES (929, 6, 3, 15.05, 52.67, 1, '2022-10-29 12:09:09', 3, 2);
INSERT INTO `orders` VALUES (930, 3, 1, 6.4, 16, 1, '2022-10-24 14:09:09', 3, 3);
INSERT INTO `orders` VALUES (931, 1, 3, 13.7, 34.25, 1, '2022-10-29 00:09:09', 2, 3);
INSERT INTO `orders` VALUES (932, 6, 2, 2.1, 7.35, 1, '2022-10-28 07:09:09', 1, 2);
INSERT INTO `orders` VALUES (933, 5, 1, 6.1, 21.35, 1, '2022-10-26 16:09:09', 3, 1);
INSERT INTO `orders` VALUES (934, 7, 3, 13.7, 34.25, 2, '2022-10-27 07:09:09', 3, 3);
INSERT INTO `orders` VALUES (935, 9, 2, 27, 67.5, 1, '2022-10-28 19:09:09', 1, 2);
INSERT INTO `orders` VALUES (936, 4, 2, 7.45, 26.07, 1, '2022-10-25 23:09:09', 3, 2);
INSERT INTO `orders` VALUES (937, 8, 2, 4.45, 15.57, 1, '2022-10-30 01:09:09', 1, 2);
INSERT INTO `orders` VALUES (938, 7, 1, 3.8, 9.5, 1, '2022-10-29 07:09:09', 3, 1);
INSERT INTO `orders` VALUES (939, 4, 1, 2.7, 9.45, 2, '2022-10-24 20:09:09', 1, 2);
INSERT INTO `orders` VALUES (940, 3, 2, 8.45, 29.57, 1, '2022-10-25 08:09:09', 2, 2);
INSERT INTO `orders` VALUES (941, 5, 3, 12.55, 43.92, 1, '2022-10-25 10:09:09', 3, 2);
INSERT INTO `orders` VALUES (942, 6, 2, 13.8, 48.3, 1, '2022-10-28 00:09:09', 3, 1);
INSERT INTO `orders` VALUES (943, 9, 2, 28.4, 71, 2, '2022-10-26 15:09:09', 3, 3);
INSERT INTO `orders` VALUES (944, 8, 2, 14.1, 49.35, 1, '2022-10-26 06:09:09', 2, 3);
INSERT INTO `orders` VALUES (945, 8, 1, 9.5, 33.25, 1, '2022-10-27 17:09:09', 1, 3);
INSERT INTO `orders` VALUES (946, 4, 3, 13.5, 47.25, 1, '2022-10-29 19:09:09', 2, 3);
INSERT INTO `orders` VALUES (947, 1, 1, 11.9, 29.75, 2, '2022-10-28 20:09:09', 1, 2);
INSERT INTO `orders` VALUES (948, 9, 1, 3.5, 8.75, 1, '2022-10-27 05:09:09', 1, 3);
INSERT INTO `orders` VALUES (949, 6, 1, 7.6, 26.6, 1, '2022-10-28 04:09:09', 1, 2);
INSERT INTO `orders` VALUES (950, 3, 3, 13.6, 34, 1, '2022-10-30 20:09:09', 3, 3);
INSERT INTO `orders` VALUES (951, 6, 1, 12.1, 42.35, 2, '2022-10-30 12:09:09', 3, 3);
INSERT INTO `orders` VALUES (952, 5, 1, 5.1, 17.85, 2, '2022-10-30 22:09:09', 3, 3);
INSERT INTO `orders` VALUES (953, 10, 3, 13.25, 46.37, 1, '2022-10-28 20:09:09', 3, 2);
INSERT INTO `orders` VALUES (954, 9, 3, 6.6, 16.5, 2, '2022-10-28 17:09:09', 1, 3);
INSERT INTO `orders` VALUES (955, 5, 1, 9, 31.5, 2, '2022-10-27 06:09:09', 1, 2);
INSERT INTO `orders` VALUES (956, 10, 3, 8.7, 30.45, 2, '2022-10-24 16:09:09', 2, 3);
INSERT INTO `orders` VALUES (957, 9, 1, 17.8, 44.5, 2, '2022-10-30 04:09:09', 3, 1);
INSERT INTO `orders` VALUES (958, 9, 1, 26.5, 66.25, 1, '2022-10-25 18:09:09', 2, 3);
INSERT INTO `orders` VALUES (959, 3, 3, 1.1, 2.75, 2, '2022-10-28 04:09:09', 2, 1);
INSERT INTO `orders` VALUES (960, 2, 3, 2.8, 7, 2, '2022-10-27 19:09:09', 1, 3);
INSERT INTO `orders` VALUES (961, 5, 2, 13.9, 48.65, 2, '2022-10-24 05:09:09', 3, 2);
INSERT INTO `orders` VALUES (962, 6, 1, 10.05, 35.17, 1, '2022-10-27 09:09:09', 1, 2);
INSERT INTO `orders` VALUES (963, 5, 1, 8.8, 30.8, 2, '2022-10-25 04:09:09', 2, 2);
INSERT INTO `orders` VALUES (964, 3, 3, 30.3, 75.75, 1, '2022-10-26 22:09:09', 3, 1);
INSERT INTO `orders` VALUES (965, 10, 1, 0.9, 3.15, 2, '2022-10-28 09:09:09', 2, 2);
INSERT INTO `orders` VALUES (966, 4, 1, 11.9, 41.65, 2, '2022-10-29 02:09:09', 3, 3);
INSERT INTO `orders` VALUES (967, 3, 3, 21.3, 53.25, 2, '2022-10-29 10:09:09', 3, 2);
INSERT INTO `orders` VALUES (968, 5, 1, 1.35, 4.72, 1, '2022-10-27 12:09:09', 1, 3);
INSERT INTO `orders` VALUES (969, 1, 3, 23.1, 57.75, 1, '2022-10-25 00:09:09', 3, 3);
INSERT INTO `orders` VALUES (970, 10, 2, 14, 49, 1, '2022-10-27 14:09:09', 2, 2);
INSERT INTO `orders` VALUES (971, 8, 1, 7.25, 25.37, 1, '2022-10-27 01:09:09', 3, 1);
INSERT INTO `orders` VALUES (972, 1, 2, 22.3, 55.75, 1, '2022-10-30 23:09:09', 2, 3);
INSERT INTO `orders` VALUES (973, 7, 1, 17.1, 42.75, 2, '2022-10-26 12:09:09', 3, 1);
INSERT INTO `orders` VALUES (974, 9, 1, 10.8, 27, 1, '2022-10-28 09:09:09', 2, 2);
INSERT INTO `orders` VALUES (975, 3, 1, 2, 5, 2, '2022-10-30 12:09:09', 3, 1);
INSERT INTO `orders` VALUES (976, 8, 1, 4.25, 14.87, 1, '2022-10-30 05:09:09', 2, 3);
INSERT INTO `orders` VALUES (977, 7, 3, 1.2, 3, 2, '2022-10-29 07:09:09', 1, 3);
INSERT INTO `orders` VALUES (978, 7, 3, 18.8, 47, 2, '2022-10-28 16:09:09', 1, 2);
INSERT INTO `orders` VALUES (979, 9, 1, 6, 15, 2, '2022-10-24 06:09:09', 2, 3);
INSERT INTO `orders` VALUES (980, 5, 2, 10.6, 37.1, 2, '2022-10-25 07:09:09', 3, 3);
INSERT INTO `orders` VALUES (981, 5, 2, 3.35, 11.72, 2, '2022-10-25 13:09:09', 3, 3);
INSERT INTO `orders` VALUES (982, 5, 2, 5.25, 18.37, 2, '2022-10-29 02:09:09', 3, 2);
INSERT INTO `orders` VALUES (983, 8, 3, 0.55, 1.92, 1, '2022-10-25 13:09:09', 3, 3);
INSERT INTO `orders` VALUES (984, 3, 2, 4.2, 10.5, 1, '2022-10-24 16:09:09', 2, 1);
INSERT INTO `orders` VALUES (985, 8, 1, 2.65, 9.27, 1, '2022-10-25 22:09:09', 3, 1);
INSERT INTO `orders` VALUES (986, 10, 3, 2.85, 9.97, 1, '2022-10-24 09:09:09', 2, 1);
INSERT INTO `orders` VALUES (987, 3, 2, 28.3, 70.75, 1, '2022-10-26 06:09:09', 1, 2);
INSERT INTO `orders` VALUES (988, 5, 1, 12.9, 45.15, 1, '2022-10-26 15:09:09', 2, 1);
INSERT INTO `orders` VALUES (989, 2, 1, 1.9, 4.75, 1, '2022-10-24 13:09:09', 3, 2);
INSERT INTO `orders` VALUES (990, 1, 1, 23.8, 59.5, 2, '2022-10-26 03:09:09', 1, 3);
INSERT INTO `orders` VALUES (991, 6, 3, 12.85, 44.97, 2, '2022-10-26 05:09:09', 1, 2);
INSERT INTO `orders` VALUES (992, 4, 3, 2.15, 7.52, 1, '2022-10-28 07:09:09', 2, 1);
INSERT INTO `orders` VALUES (993, 8, 2, 11.85, 41.47, 2, '2022-10-29 03:09:09', 3, 3);
INSERT INTO `orders` VALUES (994, 5, 3, 10.95, 38.32, 2, '2022-10-26 01:09:09', 1, 3);
INSERT INTO `orders` VALUES (995, 4, 2, 7.9, 27.65, 1, '2022-10-24 14:09:09', 3, 2);
INSERT INTO `orders` VALUES (996, 4, 3, 0.8, 2.8, 2, '2022-10-25 21:09:09', 1, 3);
INSERT INTO `orders` VALUES (997, 8, 2, 2.65, 9.27, 1, '2022-10-27 12:09:09', 2, 1);
INSERT INTO `orders` VALUES (998, 5, 1, 7.15, 25.02, 2, '2022-10-30 11:09:09', 1, 1);
INSERT INTO `orders` VALUES (999, 6, 1, 13.65, 47.77, 1, '2022-10-24 03:09:09', 3, 2);
INSERT INTO `orders` VALUES (1000, 3, 2, 4.45, 15.57, 2, '2022-10-25 10:09:09', 1, 2);
INSERT INTO `orders` VALUES (1001, 4, 2, 4.45, 15.57, 2, '2022-10-30 00:09:09', 1, 2);
INSERT INTO `orders` VALUES (1002, 3, 1, 13.65, 47.77, 1, '2022-10-24 03:09:09', 3, 2);
COMMIT;

-- ----------------------------
-- Table structure for orderStatuses
-- ----------------------------
DROP TABLE IF EXISTS `orderStatuses`;
CREATE TABLE `orderStatuses` (
  `orderStatusId` int NOT NULL,
  `orderStatusName` varchar(50) NOT NULL,
  PRIMARY KEY (`orderStatusId`),
  UNIQUE KEY `orderStatusesID_UNIQUE` (`orderStatusId`)
) ENGINE=InnoDB DEFAULT CHARSET=utf8mb4 COLLATE=utf8mb4_0900_ai_ci;

-- ----------------------------
-- Records of orderStatuses
-- ----------------------------
BEGIN;
INSERT INTO `orderStatuses` VALUES (1, 'OnTheWay');
INSERT INTO `orderStatuses` VALUES (2, 'ArrivedButUnpaid');
INSERT INTO `orderStatuses` VALUES (3, 'ArrivedAndPaid');
COMMIT;

-- ----------------------------
-- Table structure for users
-- ----------------------------
DROP TABLE IF EXISTS `users`;
CREATE TABLE `users` (
  `userId` int NOT NULL AUTO_INCREMENT,
  `userName` varchar(50) NOT NULL,
  `userPassword` varchar(50) NOT NULL,
  `userType` int NOT NULL,
  `balance` float NOT NULL DEFAULT '0',
  PRIMARY KEY (`userId`),
  UNIQUE KEY `userID_UNIQUE` (`userId`)
) ENGINE=InnoDB AUTO_INCREMENT=14 DEFAULT CHARSET=utf8mb4 COLLATE=utf8mb4_0900_ai_ci;

-- ----------------------------
-- Records of users
-- ----------------------------
BEGIN;
INSERT INTO `users` VALUES (1, 'Amy', '111111', 1, 0);
INSERT INTO `users` VALUES (2, 'Bob', '222222', 2, 0);
INSERT INTO `users` VALUES (3, 'Cindy', '333333', 3, 47.56);
INSERT INTO `users` VALUES (4, 'David', '444444', 3, 37.5);
INSERT INTO `users` VALUES (5, 'Sam', '555555', 3, 100);
INSERT INTO `users` VALUES (6, 'Nancy', '123456', 3, 0);
INSERT INTO `users` VALUES (7, 'calvin', 'testRegistration', 3, 0);
INSERT INTO `users` VALUES (8, 'david95', 'testRegistration2', 1, 0);
INSERT INTO `users` VALUES (9, 'Michael', 'test123', 2, 0);
INSERT INTO `users` VALUES (10, 'Lisa97', 'lisaTest', 3, 0);
INSERT INTO `users` VALUES (11, 'Lena92', 'lenaTest', 2, 0);
INSERT INTO `users` VALUES (12, 'xsyxsy', '123456', 1, 0);
INSERT INTO `users` VALUES (13, 'xsyxsy2', '123456', 1, 0);
COMMIT;

-- ----------------------------
-- Table structure for userTypes
-- ----------------------------
DROP TABLE IF EXISTS `userTypes`;
CREATE TABLE `userTypes` (
  `userTypeId` int NOT NULL,
  `userTypeName` varchar(50) NOT NULL,
  PRIMARY KEY (`userTypeId`),
  UNIQUE KEY `userTypeID_UNIQUE` (`userTypeId`)
) ENGINE=InnoDB DEFAULT CHARSET=utf8mb4 COLLATE=utf8mb4_0900_ai_ci;

-- ----------------------------
-- Records of userTypes
-- ----------------------------
BEGIN;
INSERT INTO `userTypes` VALUES (1, 'manager');
INSERT INTO `userTypes` VALUES (2, 'operator');
INSERT INTO `userTypes` VALUES (3, 'customer');
COMMIT;

-- ----------------------------
-- Table structure for vehicles
-- ----------------------------
DROP TABLE IF EXISTS `vehicles`;
CREATE TABLE `vehicles` (
  `vehicleId` int NOT NULL AUTO_INCREMENT,
  `vehicleTypeId` int NOT NULL,
  `vehicleStatusId` int NOT NULL,
  `pricePerMinute` float NOT NULL,
  `batterySoc` float NOT NULL,
  `cityLocationId` int DEFAULT NULL,
  PRIMARY KEY (`vehicleId`),
  UNIQUE KEY `vehicleID_UNIQUE` (`vehicleId`)
) ENGINE=InnoDB AUTO_INCREMENT=185 DEFAULT CHARSET=utf8mb4 COLLATE=utf8mb4_0900_ai_ci;

-- ----------------------------
-- Records of vehicles
-- ----------------------------
BEGIN;
INSERT INTO `vehicles` VALUES (1, 1, 1, 2.5, 0.98, NULL);
INSERT INTO `vehicles` VALUES (2, 1, 1, 2.5, 0.805, 3);
INSERT INTO `vehicles` VALUES (3, 1, 1, 2.5, 0.96, 2);
INSERT INTO `vehicles` VALUES (4, 2, 1, 3.5, 1, 1);
INSERT INTO `vehicles` VALUES (5, 2, 1, 3.5, 1, 2);
INSERT INTO `vehicles` VALUES (6, 2, 2, 3.5, 0.26, NULL);
INSERT INTO `vehicles` VALUES (7, 1, 1, 2.5, 0.95, 3);
INSERT INTO `vehicles` VALUES (8, 2, 1, 3.5, 0.91, 2);
INSERT INTO `vehicles` VALUES (9, 1, 1, 2.5, 0.95, 3);
INSERT INTO `vehicles` VALUES (10, 2, 1, 3.5, 0.88, 2);
INSERT INTO `vehicles` VALUES (11, 1, 1, 2.5, 1, 1);
INSERT INTO `vehicles` VALUES (13, 1, 1, 2.5, 0.925, 3);
INSERT INTO `vehicles` VALUES (14, 1, 1, 2.5, 1, 3);
INSERT INTO `vehicles` VALUES (15, 1, 1, 2.5, 0.965, 2);
INSERT INTO `vehicles` VALUES (16, 2, 1, 3.5, 0.75, 2);
INSERT INTO `vehicles` VALUES (17, 1, 1, 2.5, 0.965, 3);
INSERT INTO `vehicles` VALUES (18, 1, 1, 2.5, 1, 3);
INSERT INTO `vehicles` VALUES (19, 2, 1, 3.5, 1, 2);
INSERT INTO `vehicles` VALUES (20, 1, 1, 2.5, 0.87, 3);
INSERT INTO `vehicles` VALUES (21, 2, 1, 3.5, 0.77, 3);
INSERT INTO `vehicles` VALUES (22, 1, 1, 2.5, 1, 2);
INSERT INTO `vehicles` VALUES (23, 2, 1, 3.5, 1, 3);
INSERT INTO `vehicles` VALUES (24, 2, 1, 3.5, 1, 1);
INSERT INTO `vehicles` VALUES (25, 2, 2, 3.5, 0.71, 3);
INSERT INTO `vehicles` VALUES (26, 1, 1, 2.5, 0.43, 3);
INSERT INTO `vehicles` VALUES (27, 1, 2, 2.5, 0.64, 2);
INSERT INTO `vehicles` VALUES (28, 2, 1, 3.5, 0.84, 2);
INSERT INTO `vehicles` VALUES (29, 1, 1, 2.5, 0.79, 2);
INSERT INTO `vehicles` VALUES (30, 2, 1, 3.5, 0.73, 3);
INSERT INTO `vehicles` VALUES (31, 1, 1, 2.5, 0.41, 3);
INSERT INTO `vehicles` VALUES (32, 2, 1, 3.5, 0.47, 3);
INSERT INTO `vehicles` VALUES (33, 2, 1, 3.5, 0.59, 2);
INSERT INTO `vehicles` VALUES (34, 1, 1, 2.5, 0.86, 1);
INSERT INTO `vehicles` VALUES (35, 2, 1, 3.5, 0.93, 2);
INSERT INTO `vehicles` VALUES (36, 2, 2, 3.5, 0.58, 3);
INSERT INTO `vehicles` VALUES (37, 2, 2, 3.5, 0.68, 2);
INSERT INTO `vehicles` VALUES (38, 2, 1, 3.5, 0.92, 1);
INSERT INTO `vehicles` VALUES (39, 2, 2, 3.5, 0.81, 2);
INSERT INTO `vehicles` VALUES (40, 1, 1, 2.5, 0.55, 3);
INSERT INTO `vehicles` VALUES (41, 2, 2, 3.5, 0.67, 1);
INSERT INTO `vehicles` VALUES (42, 2, 2, 3.5, 0.84, 3);
INSERT INTO `vehicles` VALUES (43, 2, 1, 3.5, 0.9, 3);
INSERT INTO `vehicles` VALUES (44, 1, 2, 2.5, 0.92, 3);
INSERT INTO `vehicles` VALUES (45, 1, 1, 2.5, 0.55, 2);
INSERT INTO `vehicles` VALUES (46, 1, 2, 2.5, 0.71, 1);
INSERT INTO `vehicles` VALUES (47, 2, 2, 3.5, 0.99, 1);
INSERT INTO `vehicles` VALUES (48, 2, 2, 3.5, 0.71, 3);
INSERT INTO `vehicles` VALUES (49, 2, 1, 3.5, 0.62, 2);
INSERT INTO `vehicles` VALUES (50, 1, 1, 2.5, 0.45, 3);
INSERT INTO `vehicles` VALUES (51, 2, 2, 3.5, 0.44, 2);
INSERT INTO `vehicles` VALUES (52, 1, 2, 2.5, 0.63, 2);
INSERT INTO `vehicles` VALUES (53, 1, 1, 2.5, 0.56, 1);
INSERT INTO `vehicles` VALUES (54, 1, 2, 2.5, 0.62, 2);
INSERT INTO `vehicles` VALUES (55, 2, 2, 3.5, 0.97, 3);
INSERT INTO `vehicles` VALUES (56, 2, 1, 3.5, 0.8, 3);
INSERT INTO `vehicles` VALUES (57, 1, 2, 2.5, 0.63, 2);
INSERT INTO `vehicles` VALUES (58, 2, 1, 3.5, 0.86, 1);
INSERT INTO `vehicles` VALUES (59, 1, 1, 2.5, 0.76, 3);
INSERT INTO `vehicles` VALUES (60, 1, 2, 2.5, 0.55, 1);
INSERT INTO `vehicles` VALUES (61, 1, 1, 2.5, 0.68, 1);
INSERT INTO `vehicles` VALUES (62, 2, 1, 3.5, 0.81, 2);
INSERT INTO `vehicles` VALUES (63, 2, 1, 3.5, 0.92, 3);
INSERT INTO `vehicles` VALUES (64, 2, 1, 3.5, 0.52, 2);
INSERT INTO `vehicles` VALUES (65, 1, 2, 2.5, 0.58, 2);
INSERT INTO `vehicles` VALUES (66, 2, 2, 3.5, 0.82, 3);
INSERT INTO `vehicles` VALUES (67, 2, 2, 3.5, 0.94, 3);
INSERT INTO `vehicles` VALUES (68, 1, 1, 2.5, 0.41, 1);
INSERT INTO `vehicles` VALUES (69, 2, 2, 3.5, 0.7, 2);
INSERT INTO `vehicles` VALUES (70, 2, 2, 3.5, 0.79, 2);
INSERT INTO `vehicles` VALUES (71, 1, 1, 2.5, 0.97, 3);
INSERT INTO `vehicles` VALUES (72, 2, 2, 3.5, 0.84, 3);
INSERT INTO `vehicles` VALUES (73, 1, 1, 2.5, 0.46, 1);
INSERT INTO `vehicles` VALUES (74, 2, 2, 3.5, 0.82, 1);
INSERT INTO `vehicles` VALUES (75, 1, 2, 2.5, 0.56, 2);
INSERT INTO `vehicles` VALUES (76, 2, 1, 3.5, 0.63, 2);
INSERT INTO `vehicles` VALUES (77, 1, 1, 2.5, 0.84, 2);
INSERT INTO `vehicles` VALUES (78, 1, 1, 2.5, 0.59, 2);
INSERT INTO `vehicles` VALUES (79, 2, 2, 3.5, 0.77, 1);
INSERT INTO `vehicles` VALUES (80, 2, 1, 3.5, 0.64, 2);
INSERT INTO `vehicles` VALUES (81, 2, 1, 3.5, 0.95, 1);
INSERT INTO `vehicles` VALUES (82, 2, 1, 3.5, 0.49, 3);
INSERT INTO `vehicles` VALUES (83, 1, 1, 2.5, 0.78, 1);
INSERT INTO `vehicles` VALUES (84, 2, 1, 3.5, 0.68, 3);
INSERT INTO `vehicles` VALUES (85, 1, 2, 2.5, 0.61, 3);
INSERT INTO `vehicles` VALUES (86, 2, 1, 3.5, 0.46, 3);
INSERT INTO `vehicles` VALUES (87, 2, 1, 3.5, 0.64, 2);
INSERT INTO `vehicles` VALUES (88, 1, 1, 2.5, 0.67, 3);
INSERT INTO `vehicles` VALUES (89, 1, 1, 2.5, 0.7, 3);
INSERT INTO `vehicles` VALUES (90, 2, 1, 3.5, 0.76, 1);
INSERT INTO `vehicles` VALUES (91, 2, 1, 3.5, 0.74, 3);
INSERT INTO `vehicles` VALUES (92, 2, 2, 3.5, 0.96, 2);
INSERT INTO `vehicles` VALUES (93, 2, 1, 3.5, 0.89, 2);
INSERT INTO `vehicles` VALUES (94, 1, 1, 2.5, 0.71, 3);
INSERT INTO `vehicles` VALUES (95, 1, 2, 2.5, 0.45, 2);
INSERT INTO `vehicles` VALUES (96, 1, 1, 2.5, 0.42, 2);
INSERT INTO `vehicles` VALUES (97, 1, 2, 2.5, 0.79, 1);
INSERT INTO `vehicles` VALUES (98, 2, 2, 3.5, 0.74, 2);
INSERT INTO `vehicles` VALUES (99, 1, 1, 2.5, 0.4, 3);
INSERT INTO `vehicles` VALUES (100, 2, 1, 3.5, 0.75, 2);
INSERT INTO `vehicles` VALUES (101, 1, 1, 2.5, 0.47, 2);
INSERT INTO `vehicles` VALUES (102, 1, 1, 2.5, 0.72, 2);
INSERT INTO `vehicles` VALUES (103, 1, 1, 2.5, 0.6, 2);
INSERT INTO `vehicles` VALUES (104, 1, 1, 2.5, 0.63, 2);
INSERT INTO `vehicles` VALUES (105, 2, 1, 3.5, 0.89, 2);
INSERT INTO `vehicles` VALUES (106, 1, 1, 2.5, 0.8, 3);
INSERT INTO `vehicles` VALUES (107, 1, 1, 2.5, 0.83, 2);
INSERT INTO `vehicles` VALUES (108, 2, 1, 3.5, 0.92, 2);
INSERT INTO `vehicles` VALUES (109, 2, 1, 3.5, 0.62, 1);
INSERT INTO `vehicles` VALUES (110, 2, 2, 3.5, 0.85, 3);
INSERT INTO `vehicles` VALUES (111, 2, 1, 3.5, 0.72, 3);
INSERT INTO `vehicles` VALUES (112, 1, 1, 2.5, 0.85, 3);
INSERT INTO `vehicles` VALUES (113, 1, 2, 2.5, 0.46, 2);
INSERT INTO `vehicles` VALUES (114, 1, 2, 2.5, 0.45, 1);
INSERT INTO `vehicles` VALUES (115, 2, 2, 3.5, 0.51, 2);
INSERT INTO `vehicles` VALUES (116, 2, 1, 3.5, 0.77, 1);
INSERT INTO `vehicles` VALUES (117, 1, 2, 2.5, 0.83, 1);
INSERT INTO `vehicles` VALUES (118, 2, 1, 3.5, 0.88, 1);
INSERT INTO `vehicles` VALUES (119, 1, 1, 2.5, 0.49, 2);
INSERT INTO `vehicles` VALUES (120, 1, 1, 2.5, 0.92, 1);
INSERT INTO `vehicles` VALUES (121, 1, 1, 2.5, 0.41, 2);
INSERT INTO `vehicles` VALUES (122, 1, 2, 2.5, 0.79, 2);
INSERT INTO `vehicles` VALUES (123, 1, 1, 2.5, 0.5, 3);
INSERT INTO `vehicles` VALUES (124, 2, 1, 3.5, 0.95, 2);
INSERT INTO `vehicles` VALUES (125, 2, 1, 3.5, 0.87, 2);
INSERT INTO `vehicles` VALUES (126, 1, 1, 2.5, 0.75, 2);
INSERT INTO `vehicles` VALUES (127, 2, 1, 3.5, 0.83, 3);
INSERT INTO `vehicles` VALUES (128, 1, 1, 2.5, 0.9, 1);
INSERT INTO `vehicles` VALUES (129, 2, 2, 3.5, 0.86, 3);
INSERT INTO `vehicles` VALUES (130, 2, 1, 3.5, 0.95, 1);
INSERT INTO `vehicles` VALUES (131, 2, 1, 3.5, 0.57, 2);
INSERT INTO `vehicles` VALUES (132, 2, 1, 3.5, 0.65, 1);
INSERT INTO `vehicles` VALUES (133, 2, 1, 3.5, 0.61, 2);
INSERT INTO `vehicles` VALUES (134, 1, 1, 2.5, 0.78, 1);
INSERT INTO `vehicles` VALUES (135, 2, 1, 3.5, 0.9, 1);
INSERT INTO `vehicles` VALUES (136, 2, 1, 3.5, 0.69, 1);
INSERT INTO `vehicles` VALUES (137, 2, 2, 3.5, 0.53, 2);
INSERT INTO `vehicles` VALUES (138, 1, 1, 2.5, 0.53, 3);
INSERT INTO `vehicles` VALUES (139, 2, 1, 3.5, 0.66, 2);
INSERT INTO `vehicles` VALUES (140, 2, 1, 3.5, 0.75, 2);
INSERT INTO `vehicles` VALUES (141, 1, 1, 2.5, 0.94, 2);
INSERT INTO `vehicles` VALUES (142, 1, 2, 2.5, 0.47, 2);
INSERT INTO `vehicles` VALUES (143, 2, 2, 3.5, 0.69, 2);
INSERT INTO `vehicles` VALUES (144, 2, 1, 3.5, 0.52, 3);
INSERT INTO `vehicles` VALUES (145, 1, 1, 2.5, 0.54, 1);
INSERT INTO `vehicles` VALUES (146, 2, 1, 3.5, 0.7, 3);
INSERT INTO `vehicles` VALUES (147, 2, 2, 3.5, 0.45, 3);
INSERT INTO `vehicles` VALUES (148, 1, 2, 2.5, 0.55, 1);
INSERT INTO `vehicles` VALUES (149, 2, 1, 3.5, 0.88, 2);
INSERT INTO `vehicles` VALUES (150, 2, 1, 3.5, 0.45, 1);
INSERT INTO `vehicles` VALUES (151, 1, 1, 2.5, 0.51, 2);
INSERT INTO `vehicles` VALUES (152, 1, 2, 2.5, 0.95, 1);
INSERT INTO `vehicles` VALUES (153, 2, 1, 3.5, 0.53, 3);
INSERT INTO `vehicles` VALUES (154, 1, 1, 2.5, 0.46, 1);
INSERT INTO `vehicles` VALUES (155, 2, 1, 3.5, 0.72, 2);
INSERT INTO `vehicles` VALUES (156, 1, 1, 2.5, 0.85, 2);
INSERT INTO `vehicles` VALUES (157, 1, 1, 2.5, 0.96, 1);
INSERT INTO `vehicles` VALUES (158, 2, 1, 3.5, 0.67, 2);
INSERT INTO `vehicles` VALUES (159, 1, 1, 2.5, 0.52, 3);
INSERT INTO `vehicles` VALUES (160, 1, 1, 2.5, 0.88, 3);
INSERT INTO `vehicles` VALUES (161, 1, 1, 2.5, 0.65, 1);
INSERT INTO `vehicles` VALUES (162, 1, 1, 2.5, 0.89, 2);
INSERT INTO `vehicles` VALUES (163, 2, 1, 3.5, 0.81, 2);
INSERT INTO `vehicles` VALUES (164, 2, 1, 3.5, 0.96, 2);
INSERT INTO `vehicles` VALUES (165, 1, 1, 2.5, 0.52, 2);
INSERT INTO `vehicles` VALUES (166, 1, 1, 2.5, 0.48, 1);
INSERT INTO `vehicles` VALUES (167, 1, 1, 2.5, 0.57, 1);
INSERT INTO `vehicles` VALUES (168, 1, 1, 2.5, 0.89, 2);
INSERT INTO `vehicles` VALUES (169, 1, 1, 2.5, 0.76, 3);
INSERT INTO `vehicles` VALUES (170, 2, 1, 3.5, 0.61, 1);
INSERT INTO `vehicles` VALUES (171, 1, 2, 2.5, 0.43, 2);
INSERT INTO `vehicles` VALUES (172, 1, 1, 2.5, 0.88, 2);
INSERT INTO `vehicles` VALUES (173, 2, 2, 3.5, 0.74, 1);
INSERT INTO `vehicles` VALUES (174, 2, 1, 3.5, 0.91, 1);
INSERT INTO `vehicles` VALUES (175, 1, 2, 2.5, 0.7, 3);
INSERT INTO `vehicles` VALUES (176, 1, 1, 2.5, 0.44, 1);
INSERT INTO `vehicles` VALUES (177, 2, 2, 3.5, 0.68, 3);
INSERT INTO `vehicles` VALUES (178, 2, 1, 3.5, 0.62, 2);
INSERT INTO `vehicles` VALUES (179, 2, 1, 3.5, 0.92, 3);
INSERT INTO `vehicles` VALUES (180, 2, 1, 3.5, 0.5, 1);
INSERT INTO `vehicles` VALUES (181, 2, 1, 3.5, 0.51, 3);
INSERT INTO `vehicles` VALUES (182, 2, 2, 3.5, 0.55, 2);
INSERT INTO `vehicles` VALUES (183, 2, 2, 3.5, 0.92, 1);
INSERT INTO `vehicles` VALUES (184, 1, 2, 2.5, 0.42, 2);
COMMIT;

-- ----------------------------
-- Table structure for vehicleStatuses
-- ----------------------------
DROP TABLE IF EXISTS `vehicleStatuses`;
CREATE TABLE `vehicleStatuses` (
  `vehicleStatusId` int NOT NULL AUTO_INCREMENT,
  `vehicleStatusName` varchar(50) NOT NULL,
  PRIMARY KEY (`vehicleStatusId`),
  UNIQUE KEY `vehicleStatusID_UNIQUE` (`vehicleStatusId`)
) ENGINE=InnoDB AUTO_INCREMENT=3 DEFAULT CHARSET=utf8mb4 COLLATE=utf8mb4_0900_ai_ci;

-- ----------------------------
-- Records of vehicleStatuses
-- ----------------------------
BEGIN;
INSERT INTO `vehicleStatuses` VALUES (1, 'available');
INSERT INTO `vehicleStatuses` VALUES (2, 'damaged');
COMMIT;

-- ----------------------------
-- Table structure for vehicleTypes
-- ----------------------------
DROP TABLE IF EXISTS `vehicleTypes`;
CREATE TABLE `vehicleTypes` (
  `vehicleTypeId` int NOT NULL AUTO_INCREMENT,
  `vehicleTypeName` varchar(50) NOT NULL,
  PRIMARY KEY (`vehicleTypeId`),
  UNIQUE KEY `vehicleTypeID_UNIQUE` (`vehicleTypeId`)
) ENGINE=InnoDB AUTO_INCREMENT=3 DEFAULT CHARSET=utf8mb4 COLLATE=utf8mb4_0900_ai_ci;

-- ----------------------------
-- Records of vehicleTypes
-- ----------------------------
BEGIN;
INSERT INTO `vehicleTypes` VALUES (1, 'bike');
INSERT INTO `vehicleTypes` VALUES (2, 'scooter');
COMMIT;

SET FOREIGN_KEY_CHECKS = 1;
